,Theta,Ln Like,Nu99,Nu98,Nu97,Nu96,Nu95,Nu94,Nu93,Nu92,Nu91,Nu90,Nu89,Nu88,Nu87,Nu86,Nu85,Nu84,Nu83,Nu82,Nu81,Nu80,Nu79,Nu78,Nu77,Nu76,Nu75,Nu74,Nu73,Nu72,Nu71,Nu70,Nu69,Nu68,Nu67,Nu66,Nu65,Nu64,Nu63,Nu62,Nu61,Nu60,Nu59,Nu58,Nu57,Nu56,Nu55,Nu54,Nu53,Nu52,Nu51,Nu50,Nu49,Nu48,Nu47,Nu46,Nu45,Nu44,Nu43,Nu42,Nu41,Nu40,Nu39,Nu38,Nu37,Nu36,Nu35,Nu34,Nu33,Nu32,Nu31,Nu30,Nu29,Nu28,Nu27,Nu26,Nu25,Nu24,Nu23,Nu22,Nu21,Nu20,Nu19,Nu18,Nu17,Nu16,Nu15,Nu14,Nu13,Nu12,Nu11,Nu10,Nu9,Nu8,Nu7,Nu6,Nu5,Nu4,Nu3,Nu2,Nu1,NuAnc,T99,T98,T97,T96,T95,T94,T93,T92,T91,T90,T89,T88,T87,T86,T85,T84,T83,T82,T81,T80,T79,T78,T77,T76,T75,T74,T73,T72,T71,T70,T69,T68,T67,T66,T65,T64,T63,T62,T61,T60,T59,T58,T57,T56,T55,T54,T53,T52,T51,T50,T49,T48,T47,T46,T45,T44,T43,T42,T41,T40,T39,T38,T37,T36,T35,T34,T33,T32,T31,T30,T29,T28,T27,T26,T25,T24,T23,T22,T21,T20,T19,T18,T17,T16,T15,T14,T13,T12,T11,T10,T9,T8,T7,T6,T5,T4,T3,T2,T1,Tanc
Replicate50,397.0363874,-117.9522635,1.56654339,1.50552253,1.44244634,1.63432339,2.07426906,2.09956065,1.14041191,0.98395881,1.52527172,1.38123769,0.75129942,0.76192659,0.68405621,2.08310876,0.83807661,0.71411664,1.87343761,0.48517743,0.59419902,0.41255966,0.68931032,0.50269812,0.78861323,0.37754164,0.68208994,1.00544651,1.87758362,1.13624352,0.40998569,1.2968232,0.70466502,0.36315081,1.51346684,0.67482333,1.6401955,0.49256915,0.65485227,0.37088936,1.34664721,1.02525945,0.79778498,1.57824319,0.44300866,0.50947287,1.3776077,0.61526587,1.75578518,0.53426288,0.64672456,1.02814573,0.94629238,0.69408157,1.79655489,0.75838913,1.2226196,1.6942707,0.8640287,0.64005454,0.57373268,0.50180649,1.12136525,1.30415346,0.69282442,1.02202426,1.62449287,0.92569799,0.84491453,1.01199848,0.72393769,0.8988498,0.5999542,0.80179634,1.29723973,0.5830657,0.89865966,1.81818871,0.67692475,0.82852189,0.80123453,0.5186191,1.55912407,1.2353235,1.86706298,1.55177417,1.93790543,0.87623088,1.58374907,1.61262873,1.33672267,1.52446836,1.17307697,0.95110528,0.50818628,0.64654963,1.5986499,1.57363897,1.13274126,0.48461054,1.96455065,0.36200483,0.2465423,0.01075781,0.03780661,0.03108027,0.02221089,0.02311629,0.01363273,0.01622638,0.04359602,0.03906227,0.01189985,0.02485978,0.01824374,0.03856951,0.02120767,0.01152823,0.01564636,0.02231383,0.01230405,0.02380101,0.01264868,0.0108623,0.03915733,0.024775,0.03211098,0.01011999,0.01741509,0.01661173,0.01614676,0.03218933,0.0131141,0.04280132,0.01468153,0.03244306,0.01756862,0.03387878,0.02053756,0.03326868,0.0140805,0.02911079,0.01669299,0.02381542,0.01213084,0.03623259,0.01220993,0.03252449,0.02944724,0.0271305,0.03794189,0.03604905,0.01994819,0.01311633,0.01409892,0.0210421,0.01250684,0.02064922,0.0330485,0.01482769,0.02865414,0.01974968,0.02471645,0.02475116,0.01667543,0.02496896,0.02911686,0.0308114,0.02507867,0.02623503,0.0187079,0.0368933,0.02753055,0.02548201,0.02072205,0.0291283,0.02347048,0.01169501,0.03063733,0.01683006,0.03377538,0.01351905,0.01139813,0.01917204,0.01038407,0.02618356,0.01658078,0.02110157,0.03559427,0.02168114,0.01115005,0.01353755,0.03260797,0.03296058,0.0232517,0.01585806,0.01792753,0.02719494,0.01748575,0.02178253,0.01050715,0.03432395
Replicate49,346.4558714,-104.2007715,2.29394238,4.10987781,0.3366543,0.4855983,1.30477031,0.98637736,1.71906248,5.39980737,6.68415483,2.28802057,4.79396649,8.10620842,2.94743484,4.78069278,2.98266926,1.0328652,1.16776067,1.79365083,0.86667977,1.436998,0.66502383,0.95936623,1.08177594,0.52511995,0.67000457,1.6458121,0.77579766,1.03885721,0.44583012,0.78609727,0.56414191,0.56350431,0.68971931,0.63988492,1.16282628,0.72199497,0.47264231,0.64309206,1.6132953,0.5451125,0.19689167,0.75595012,1.0622362,0.6923962,0.99940642,0.36476115,1.23420899,1.54949703,0.91440657,0.30218006,0.71048654,0.51809269,0.3322988,1.01945906,1.76402311,0.94377801,0.61181416,0.7612328,0.46690029,1.43078455,1.25078348,0.74859159,1.30324461,0.99286361,1.00723224,0.67241245,0.45679087,0.61722413,0.76344684,1.08370926,0.47294391,0.53221667,0.62286545,0.52807614,1.62805891,0.45494306,0.93749456,1.2119757,0.60652977,1.41065904,1.54295752,0.9375018,0.77670011,1.51075462,1.81136821,0.78064333,0.90667553,0.82922842,1.83247063,1.22018078,1.46742991,0.62816637,1.49153139,0.56710246,0.59642269,0.90297842,0.51177479,1.17828798,0.50601178,0.26100646,0.00915719,0.05828147,0.01686977,0.04103746,0.01443535,0.01415378,0.02784602,0.13452976,0.16769179,0.0156798,0.07141415,0.0306689,0.01230177,0.09818075,0.04601881,0.01117989,0.01431864,0.03648524,0.0154769,0.01628424,0.01987022,0.0330358,0.01784406,0.03729483,0.03293186,0.02140082,0.01778944,0.01135765,0.01558973,0.00979719,0.03291551,0.01675674,0.01599322,0.02914428,0.01920682,0.01229281,0.0168478,0.02360383,0.01531765,0.01077721,0.04766125,0.02368189,0.01071728,0.02497746,0.01833125,0.01716251,0.0140386,0.01549971,0.01586224,0.02832321,0.01250655,0.01344732,0.04574121,0.01710304,0.01379161,0.01773612,0.02354513,0.01021704,0.0338713,0.02965445,0.0263626,0.01510516,0.00962569,0.02781156,0.02862863,0.0099598,0.01290644,0.01172498,0.03246081,0.02800231,0.03523151,0.02872044,0.03143528,0.02037347,0.0217366,0.01378068,0.01117629,0.01354938,0.01411086,0.01574576,0.01972053,0.01793511,0.03207113,0.02705539,0.01130049,0.02147939,0.01995129,0.0189484,0.02086457,0.0210317,0.0337226,0.02034633,0.011141,0.01763944,0.02955921,0.01623946,0.01060153,0.01438145,0.01001263,0.01677832
Replicate48,467.7497456,-100.0228025,1.55E+00,2.95E+00,3.95E+00,8.46E-01,7.29E-01,2.26E-01,1.57E+00,2.28E+00,2.51E+00,3.63E+00,2.96E+00,3.21E+00,3.50E+00,9.06E+00,1.89E+00,9.45E+00,3.04E+00,2.54E+00,4.41E+00,1.35E+00,3.67E+00,1.78E+00,1.75E+00,1.01E+00,1.38E+00,8.02E-01,6.47E-01,2.90E-01,7.10E-01,2.88E-01,3.50E-01,4.50E-01,8.08E-01,8.66E-01,8.51E-01,4.45E-01,7.01E-01,1.60E+00,5.71E-01,3.68E-01,4.35E-01,9.38E-02,2.72E-01,3.75E-01,3.96E-01,1.67E+00,1.50E+00,1.34E+00,1.08E+00,7.05E-01,1.14E+00,4.01E-01,1.34E+00,5.65E-01,1.70E+00,8.45E-01,3.75E-01,6.41E-01,8.81E-01,4.60E-01,1.39E+00,1.75E+00,8.61E-01,9.38E-01,3.12E-01,3.92E-01,1.38E+00,1.24E+00,4.78E-01,1.54E+00,1.52E+00,1.81E+00,5.44E-01,9.25E-01,1.02E+00,1.16E+00,1.44E+00,1.27E+00,7.15E-01,8.20E-01,1.01E+00,1.73E+00,5.58E-01,5.41E-01,1.05E+00,9.40E-01,1.34E+00,1.40E+00,1.43E+00,1.51E+00,5.13E-01,1.28E+00,1.14E+00,1.18E+00,1.20E+00,6.66E-01,5.97E-01,4.91E-01,1.45E+00,3.26E-01,6.62E-03,1.43E-02,2.52E-02,1.41E-02,1.26E-02,3.16E-02,1.55E-02,3.66E-02,2.38E-02,3.83E-02,7.49E-03,7.78E-03,2.55E-02,5.33E-02,6.67E-03,1.03E-01,2.60E-02,2.10E-02,6.78E-02,9.92E-03,2.59E-02,2.30E-02,3.02E-02,2.37E-02,4.19E-02,1.63E-02,2.92E-02,4.53E-02,1.53E-02,2.23E-02,3.11E-02,2.99E-02,1.35E-02,2.19E-02,2.87E-02,1.50E-02,1.11E-02,1.94E-02,2.40E-02,1.61E-02,2.28E-02,9.53E-02,4.79E-02,2.39E-02,1.95E-02,2.34E-02,1.38E-02,1.24E-02,9.97E-03,1.38E-02,9.88E-03,1.74E-02,2.17E-02,3.46E-02,9.72E-03,3.23E-02,2.74E-02,1.22E-02,1.31E-02,1.50E-02,2.79E-02,1.97E-02,2.76E-02,1.10E-02,4.32E-02,2.77E-02,1.47E-02,1.43E-02,2.51E-02,1.12E-02,9.57E-03,2.93E-02,3.63E-02,1.12E-02,3.28E-02,1.17E-02,1.06E-02,1.07E-02,3.54E-02,1.59E-02,1.64E-02,2.77E-02,3.61E-02,1.05E-02,1.47E-02,1.44E-02,2.47E-02,1.74E-02,2.74E-02,1.65E-02,2.22E-02,1.73E-02,1.41E-02,2.00E-02,2.22E-02,3.24E-02,2.27E-02,9.97E-03,1.60E-02,2.67E-02
Replicate47,379.0217345,-116.1804383,1.46498044,9.98599473,2.89349986,1.91287605,1.06728508,1.06982687,1.75352242,1.57600212,1.12230468,0.98331875,0.89276796,1.31369633,1.03618637,2.51016752,2.59245031,1.4280301,1.98507985,2.08988982,1.88279695,1.07075639,1.37065002,0.58784825,0.84721641,0.93283864,0.68400084,0.63920687,0.61139571,0.503642,0.52163751,1.06764929,1.38716268,0.71850558,1.61217789,1.3509637,1.19336365,0.60782448,1.45199435,0.92677329,0.5325351,1.5175929,0.45362795,0.27794656,1.48315736,1.82615948,0.55187854,0.55807623,0.55373437,0.63150598,0.64118379,1.19927139,1.02760318,1.23503793,0.65000768,1.592564,0.92927227,1.03696955,1.01993638,0.36688833,1.78803581,0.39496251,0.54549759,0.45928117,0.69324332,1.34504339,0.37809399,1.61088716,0.62201747,0.70651735,0.65081056,1.07987603,0.58666429,0.42977364,0.77949418,1.17136422,0.7223793,0.62727171,1.34539515,1.05612204,1.01971142,0.65338432,0.53078498,0.91567559,1.03111956,0.67118853,1.25077483,0.50315427,0.95712184,1.65991747,1.08265928,1.64751439,0.64530762,1.24163479,0.67181027,1.52920756,1.33287345,1.72596176,0.47171022,0.5844889,1.18912937,0.14660949,0.07833407,0.02150619,0.01663214,0.0180779,0.01361129,0.01243387,0.01970559,0.01251705,0.02184675,0.01886785,0.01153211,0.02651525,0.0158853,0.05678232,0.06793308,0.01242963,0.043435,0.04726481,0.04392981,0.03090467,0.01948738,0.01246085,0.02207471,0.02844296,0.01156569,0.010994,0.02486432,0.01177424,0.01496811,0.01504779,0.03069556,0.01291394,0.0278895,0.01221747,0.02170057,0.01129284,0.02658483,0.0252241,0.01351886,0.02526794,0.01622541,0.04188642,0.01546809,0.01238458,0.02978287,0.02449164,0.01223543,0.01934708,0.02076214,0.01060641,0.01699515,0.01598854,0.01388828,0.01191926,0.02671752,0.03388375,0.01286709,0.0251117,0.01547722,0.02301001,0.02345196,0.0104542,0.01033953,0.03227022,0.02632293,0.01722003,0.01959174,0.03878517,0.01909448,0.01209151,0.01467184,0.03235209,0.01879559,0.01026934,0.02481091,0.01829716,0.03537834,0.02390433,0.01181186,0.01335782,0.01121945,0.0111617,0.03522765,0.03289427,0.02040553,0.01524479,0.03073835,0.01391388,0.0129371,0.01699745,0.02289219,0.03225057,0.02487468,0.02427446,0.02575876,0.01758551,0.0320008,0.01683975,0.03703662,0.01962517
Replicate46,361.5615668,-118.4836296,1.38361543,2.87418373,2.40921171,2.96281479,1.84190342,0.98519561,2.16591057,2.0237042,1.20676385,0.86189022,0.94886709,1.51244584,0.61961343,0.74111052,0.86131061,0.72065519,0.95834058,0.46440214,1.0306402,1.68149381,1.83532798,1.47378526,0.57113721,0.51517543,0.6875782,0.41327815,0.97728495,1.05361751,1.15933932,1.4707934,1.40340093,1.23135796,0.27835716,1.59582056,0.41243315,1.73641092,1.41628648,1.60224304,0.47092787,1.2968832,1.56327735,1.53934859,0.71314232,0.56161937,0.89415304,0.9176819,1.65222479,0.71032422,1.18954566,0.55414777,0.46659951,0.53670798,1.25267129,1.72514124,0.42031004,0.8747197,1.70920609,0.6669418,1.55089442,0.41505492,0.48810798,1.44086343,1.85109997,1.58872894,0.57182898,0.58196882,0.50622788,0.9485872,0.73524157,1.20243849,1.37322799,0.59198852,0.67173922,0.90369433,0.77167886,1.06317783,0.53291342,0.75033071,0.81578416,1.55894054,0.65462562,1.91043022,0.6874567,0.53603642,1.67763138,1.80223646,0.82673855,0.88072322,1.2840086,0.69699286,0.90649356,1.9681384,0.6560927,1.82833932,1.39867033,1.22298417,1.60944415,0.89457779,1.50737157,0.75295538,0.22052135,0.16811434,0.04122182,0.05494128,0.03138557,0.01416837,0.02064292,0.04084225,0.01067145,0.01690089,0.03586169,0.0201644,0.0249899,0.01687802,0.02524601,0.01760286,0.01199552,0.01469963,0.01924904,0.02794623,0.01802243,0.01030513,0.03023122,0.01303009,0.02886839,0.03136252,0.02705716,0.01572134,0.01990183,0.009555,0.00973944,0.0110342,0.04487043,0.01988205,0.02276944,0.01451366,0.01679723,0.01366954,0.04184836,0.01482538,0.01905046,0.02629401,0.03433022,0.02777919,0.02042131,0.01606764,0.01966731,0.01316411,0.01470134,0.0154205,0.03932126,0.03240497,0.02453137,0.01893305,0.02376489,0.03420722,0.03162181,0.02923305,0.02794024,0.03002068,0.01395546,0.01003044,0.01423033,0.02758525,0.0245466,0.02092121,0.03872426,0.01797525,0.01262443,0.0121415,0.01122428,0.02080668,0.01535527,0.01268181,0.01509817,0.01405862,0.02037358,0.03836131,0.01645107,0.01145825,0.01325237,0.01334465,0.01220594,0.02134109,0.00984844,0.02611184,0.0264158,0.03100727,0.02530375,0.03526568,0.01107066,0.02021467,0.03600155,0.0145114,0.03328735,0.02658942,0.02529552,0.03707725,0.01038654,0.01819743
Replicate45,356.0482517,-116.1114643,1.56885389,4.60665683,3.47348363,3.14685686,2.34938801,1.2039102,1.63748387,1.05675137,1.86435517,2.14591784,0.9429166,2.63011653,1.49961706,0.91445675,2.05526099,1.21465088,1.74045896,2.19502461,0.67975439,0.71861462,0.65116998,0.5536676,0.52596065,1.75321012,1.51771682,1.60683564,0.81246554,1.75933951,0.43351993,1.87012488,0.92520994,0.46783805,1.06088741,0.86924206,1.36575982,0.54277231,0.50617347,0.86094606,1.07376726,1.36812692,0.94864913,0.68248506,0.63174591,0.65583805,0.84626706,0.95243544,0.8637534,0.60509002,0.43260487,0.92161731,1.15281794,1.22431056,0.63729152,1.64933611,0.92989217,0.70213737,1.879917,0.4866787,0.75160578,0.65963426,0.61396699,1.48216706,0.49474271,0.47669393,0.84927105,0.83452241,0.7968561,0.98286908,0.82878285,0.58286823,0.83641586,0.56790833,1.12318032,1.20143468,0.53023277,1.036732,0.38635712,0.64649806,0.58059531,0.71228936,1.72549863,0.97977414,1.04291227,1.48994075,0.66928839,0.7754083,0.77761077,0.54881855,1.16263502,1.00503842,1.03793714,1.56982693,0.44619898,1.40757188,0.503828,0.80199492,1.04634766,1.73275064,0.81115911,0.1026289,0.24259335,0.02428979,0.02250946,0.01520493,0.03697983,0.01275476,0.02624233,0.012932,0.02477977,0.03677959,0.01194338,0.05874064,0.02058026,0.01289954,0.05151146,0.0188038,0.02331274,0.04780913,0.03520026,0.01557665,0.01670642,0.03194483,0.0108679,0.03382805,0.01235055,0.02529791,0.02789826,0.01067071,0.03100951,0.01020419,0.01433266,0.02555773,0.01914677,0.01090098,0.01109516,0.0208063,0.0163537,0.01306203,0.03113013,0.01605851,0.03333203,0.01298231,0.01453247,0.0120767,0.01390001,0.01999274,0.02211019,0.01373667,0.02017676,0.03505914,0.02831693,0.01369479,0.01908828,0.02053076,0.02654422,0.01013534,0.012726,0.0112577,0.01712018,0.02748038,0.02657921,0.0141302,0.03771038,0.01369569,0.01955613,0.02091566,0.01869431,0.01715087,0.01614632,0.01869319,0.03050714,0.0187275,0.02448901,0.02795859,0.01294844,0.02016453,0.04161408,0.02626742,0.01426137,0.03348465,0.0215422,0.03111112,0.01665906,0.02239453,0.01227577,0.01976825,0.03808021,0.02279706,0.01611585,0.01550238,0.03139312,0.02373497,0.04028385,0.01675242,0.01024107,0.02627675,0.016957,0.01366871,0.01018241,0.01043172
Replicate44,389.2824044,-114.5654175,1.43148708,2.54847059,1.92217282,1.58319408,1.31553002,2.04914002,2.29076396,1.76083027,1.58224129,1.85549327,1.88126446,0.86674791,0.84065295,1.38927391,0.83630185,0.91254932,1.81416749,0.73449047,0.60009426,0.59793273,0.84839547,0.48154977,1.12568907,1.38535704,0.45485594,1.48577384,0.37660492,0.35554752,0.34285588,0.73397838,0.93045819,1.47673936,0.84979253,0.30878414,1.42319448,0.96713373,0.43438454,0.90755232,0.31499715,1.43975629,1.25845235,0.5979178,0.45036973,0.42738069,1.20438735,1.16843733,0.51809076,1.070851,0.93142657,0.36778472,1.49877438,0.86087636,0.50363197,0.42780195,1.04381207,0.94409544,1.53163435,1.53202775,0.34553534,1.52906382,1.53574364,0.33102353,0.71551447,1.37080442,0.58556156,1.53072434,1.22038974,0.87619558,0.44392009,0.72544037,0.80136821,0.95260192,0.71851745,0.40041847,0.81359081,0.44845136,1.16256072,1.85089879,1.13017938,1.48809248,0.60311499,1.37851082,1.53054987,1.37902085,0.72367532,0.85982469,0.93440447,1.50101073,1.7672213,0.71323018,1.34958341,1.27103263,1.09847628,1.27728555,0.69920459,1.18806158,1.36286491,0.94863228,1.70150324,0.06879831,0.24963071,0.01263824,0.03137634,0.02839136,0.02812799,0.03761882,0.0938889,0.04692117,0.0480731,0.01646896,0.05758531,0.01776386,0.01495508,0.02257845,0.01965836,0.01461289,0.04509969,0.02944613,0.02617626,0.03130515,0.03123529,0.01138846,0.01107243,0.03016361,0.01691877,0.01839808,0.03456943,0.03712582,0.03522461,0.01136074,0.01313487,0.01395546,0.01667182,0.03884479,0.01117318,0.01176342,0.03270028,0.02658255,0.03866828,0.01087499,0.01126924,0.02844477,0.02936905,0.01118486,0.01025644,0.01491576,0.02324537,0.01449359,0.01971949,0.02435305,0.01904252,0.01052312,0.01755676,0.0159985,0.01343472,0.01699217,0.01252873,0.03285969,0.0384112,0.03009747,0.01038609,0.04079875,0.01635796,0.0272226,0.01214947,0.02938847,0.0306407,0.01209622,0.01310731,0.03507014,0.01524526,0.01838309,0.01918268,0.03947791,0.01176356,0.03930113,0.01204521,0.02568181,0.01752769,0.03427526,0.01375856,0.01662526,0.02697578,0.03604994,0.01183223,0.01131375,0.02928734,0.02073507,0.01343856,0.01737924,0.01807406,0.01328054,0.03611835,0.02005951,0.02704904,0.0244485,0.02003525,0.01082175,0.0110534,0.01732062
Replicate43,370.175109,-115.6342643,3.76706394,0.9347686,1.48299242,1.3779353,1.05201905,1.70549433,1.50358046,2.21232082,2.45811751,3.70214493,3.64729104,7.25915002,7.75063051,2.2261315,2.38389745,1.34673184,1.61804657,2.20458287,0.86598431,1.00463539,0.94127109,2.024769,0.99198266,1.40500021,1.82706377,0.55581742,0.77571544,1.37684278,1.00582144,0.44170033,1.26372834,0.54910072,0.44561569,1.18668394,0.95422141,0.47882857,0.58458649,0.77799846,1.03140181,0.53033022,0.96043531,0.65101878,0.43831504,0.45582281,0.51918249,0.79799513,1.77192756,1.44656939,1.45506857,0.42589652,0.93536836,0.50503351,0.26378703,0.51841164,1.48081409,0.62940984,1.07742543,1.42421756,1.37937017,1.77421165,1.01404564,0.4124066,0.62644455,1.85957306,1.60151797,1.08410331,0.64553473,1.31087334,0.63129626,1.16891794,0.61766726,0.80193333,0.6543745,0.81892127,0.56984805,0.58564676,1.37849826,1.88223671,0.68143078,0.73840225,1.34317019,0.82312364,0.76085726,0.60481977,0.92175106,0.85301824,0.89161345,1.90808848,1.51976262,0.89415099,1.21425249,0.73790324,0.56183351,0.82966981,0.8258014,0.5859921,0.98282345,1.41775592,1.07786348,0.08341877,0.07410014,0.05222684,0.01559896,0.01451099,0.04018909,0.03200826,0.02135666,0.02561596,0.01941451,0.02777283,0.06017973,0.01369604,0.00986109,0.01525072,0.02233269,0.0104044,0.01206556,0.01399481,0.00927728,0.01039223,0.01133688,0.02397997,0.0274266,0.01437716,0.01257302,0.01620442,0.01215112,0.02455192,0.02110614,0.01234954,0.03112629,0.02540786,0.02621446,0.02978674,0.03168791,0.02265802,0.02793358,0.01207475,0.02582771,0.01698496,0.00977013,0.01908217,0.01500282,0.02280083,0.01189666,0.01057095,0.01993362,0.01360932,0.01927572,0.01444136,0.01246139,0.0160484,0.0487494,0.02795059,0.01083322,0.0239922,0.0172044,0.02120393,0.0166979,0.01223397,0.02222074,0.02420037,0.02050143,0.01064607,0.01059159,0.0144017,0.03040109,0.02340223,0.02380132,0.02630099,0.0300452,0.01554298,0.01316128,0.01747381,0.03470173,0.015667,0.01077747,0.01184206,0.01086487,0.01333439,0.00973603,0.02687374,0.02927179,0.01906991,0.01927679,0.01671375,0.02219105,0.01163054,0.01652793,0.01431907,0.01002602,0.01953009,0.0136027,0.02005267,0.02640958,0.03587557,0.01054468,0.02567227,0.0219419,0.01521465
Replicate42,445.5453151,-100.8292475,4.15E+00,2.11E-01,1.25E+00,7.37E-01,2.84E+00,5.37E+00,3.86E+00,1.95E+00,7.96E+00,4.97E+00,4.14E+00,2.33E+00,3.43E+00,9.45E+00,4.39E+00,3.72E+00,2.04E+00,4.49E+00,2.06E+00,3.54E+00,2.17E+00,1.66E+00,2.23E+00,1.57E+00,7.04E-01,5.24E-01,1.39E+00,6.73E-01,1.24E+00,1.53E-01,9.36E-01,1.24E+00,8.90E-01,1.14E+00,1.41E+00,1.39E+00,6.75E-01,3.63E-01,3.25E-01,2.60E-01,1.10E+00,8.29E-01,3.56E-01,9.69E-01,6.72E-01,1.33E+00,1.24E-01,8.09E-01,8.99E-02,5.65E-01,4.36E-01,1.30E+00,7.84E-01,1.02E+00,4.98E-01,1.15E+00,1.59E+00,4.18E-01,4.15E-01,1.26E+00,1.77E+00,6.19E-01,6.55E-01,6.70E-01,1.58E+00,1.47E+00,7.48E-01,7.74E-01,8.76E-01,1.25E+00,1.18E+00,1.12E+00,1.48E+00,4.57E-01,4.57E-01,1.26E+00,1.14E+00,4.61E-01,8.01E-01,1.86E+00,1.76E+00,7.17E-01,7.60E-01,5.96E-01,1.18E+00,8.22E-01,8.55E-01,1.62E+00,1.09E+00,1.19E+00,8.19E-01,1.82E+00,5.28E-01,6.83E-01,1.19E+00,8.02E-01,7.29E-01,1.71E+00,9.85E-01,5.98E-01,7.09E-02,3.88E-02,1.08E-02,2.48E-02,6.27E-02,9.28E-02,3.31E-02,8.50E-03,8.00E-02,4.00E-02,2.82E-02,8.74E-03,1.95E-02,2.85E-02,3.50E-02,2.49E-02,1.08E-02,2.96E-02,1.03E-02,4.54E-02,1.35E-02,1.65E-02,4.61E-02,1.18E-02,3.25E-02,1.23E-02,1.69E-02,2.14E-02,1.79E-02,5.63E-02,1.60E-02,2.29E-02,1.82E-02,9.14E-03,1.77E-02,8.97E-03,1.01E-02,2.41E-02,2.40E-02,2.88E-02,1.15E-02,1.03E-02,2.94E-02,2.21E-02,2.71E-02,1.61E-02,6.28E-02,2.27E-02,8.49E-02,2.08E-02,1.79E-02,1.30E-02,1.97E-02,1.67E-02,1.32E-02,1.74E-02,2.58E-02,1.17E-02,1.52E-02,1.47E-02,9.21E-03,1.09E-02,1.63E-02,2.24E-02,1.85E-02,1.66E-02,1.91E-02,1.98E-02,1.30E-02,1.62E-02,1.58E-02,1.31E-02,1.35E-02,2.90E-02,2.19E-02,1.51E-02,1.88E-02,1.59E-02,1.85E-02,1.77E-02,9.74E-03,1.21E-02,2.52E-02,1.02E-02,9.49E-03,2.52E-02,1.02E-02,1.27E-02,2.96E-02,1.51E-02,2.39E-02,2.92E-02,1.12E-02,1.46E-02,1.25E-02,1.14E-02,2.75E-02,9.49E-03,2.11E-02,1.04E-02
Replicate41,419.0606723,-104.5506776,3.0087481,1.62394322,0.48085381,0.30192264,2.50055104,1.13065575,2.05146536,4.16870945,3.39172292,7.90885543,2.35455769,2.59642735,2.47912954,1.2105738,0.84349994,1.17434282,0.89148801,0.94151916,0.49082933,0.64446354,0.63468842,0.59188364,0.714132,1.07236196,1.1889265,0.36387974,1.43168118,0.53423614,0.4868199,0.31911296,1.68905201,0.1298898,0.69385245,0.83225372,1.3625297,0.99793515,0.88178113,0.51198482,1.24350685,0.99936191,0.6437534,0.27966863,0.22664405,0.55246527,1.28941877,1.71532881,0.36268768,0.80264004,0.76646735,1.04844818,1.11245714,0.47996865,0.99218371,1.33168869,0.76544337,0.66746122,1.58880916,0.59020941,1.14248312,1.11678036,0.50112893,0.93340383,1.2447356,0.5260599,0.64099424,0.58990141,1.65809144,0.56273759,1.41683709,1.78510484,0.74802688,1.74373101,0.74355141,1.02567455,0.58718057,1.74959523,1.663597,0.65736225,1.06854941,0.8830328,0.52743015,0.96148249,1.63519175,0.96395831,0.90380172,0.71819752,1.28812081,1.03607341,1.05206536,1.35761837,0.98859704,0.59622211,1.87600791,1.21328077,0.51130102,0.77007495,0.92336798,1.09428094,1.27278103,0.26915986,0.0650212,0.02448972,0.03159197,0.03115282,0.20058381,0.01200521,0.02342838,0.03502426,0.03719178,0.12972289,0.01875849,0.03112439,0.03427724,0.01803008,0.00999584,0.02008057,0.01553,0.03579429,0.03829015,0.01970751,0.0363479,0.01051749,0.0208552,0.01751008,0.02304752,0.01975535,0.02512612,0.01148276,0.02096362,0.01853176,0.01456518,0.07885263,0.01613244,0.01768923,0.01812766,0.01984751,0.0257562,0.01156519,0.00966943,0.02763822,0.0251198,0.03741735,0.05921053,0.01440495,0.0213003,0.01244909,0.02266487,0.01810804,0.01149344,0.02102419,0.02810901,0.03600364,0.02011806,0.00968725,0.01854003,0.02559771,0.01322385,0.01350678,0.01347783,0.0181655,0.02441143,0.02829729,0.02383734,0.01068467,0.01998942,0.01974638,0.01631345,0.03332456,0.02528765,0.01066389,0.03131689,0.02843438,0.00989615,0.02030645,0.0258847,0.01061136,0.01660764,0.01478307,0.01240613,0.01567842,0.01035554,0.01161132,0.01828293,0.01965322,0.01521743,0.0253689,0.01327303,0.01575332,0.01621572,0.03458717,0.03174235,0.01188877,0.0253959,0.0129037,0.03354897,0.0283657,0.01654973,0.02872684,0.01425286,0.01178452
Replicate40,406.7241658,-94.11365284,5.77E+00,5.37E-01,1.80E-01,6.34E-01,1.46E+00,6.85E+00,2.68E+00,4.49E+00,7.27E+00,9.43E+00,3.19E+00,2.88E+00,2.75E+00,3.32E+00,2.90E+00,4.12E+00,8.97E+00,3.31E+00,4.12E+00,1.55E+00,3.17E+00,2.16E+00,1.08E+00,2.40E+00,2.19E+00,1.54E+00,7.25E-01,7.78E-01,8.83E-02,3.54E-01,4.55E-01,2.23E-01,5.53E-01,3.52E-01,4.88E-01,7.66E-01,1.04E+00,1.85E-01,7.72E-01,3.36E-01,5.27E-01,1.34E+00,5.66E-01,1.02E+00,8.76E-01,1.62E+00,1.86E-01,1.40E+00,4.70E-01,3.21E-01,1.62E-01,4.65E-01,7.25E-01,2.32E-01,2.94E-01,7.17E-01,9.90E-01,1.20E+00,1.63E+00,6.37E-01,7.35E-01,6.75E-01,1.17E+00,1.74E+00,8.25E-01,3.49E-01,1.41E+00,1.76E+00,1.14E+00,4.36E-01,5.92E-01,4.47E-01,7.46E-01,1.72E+00,1.08E+00,1.73E+00,1.14E+00,5.89E-01,1.62E+00,1.75E+00,1.36E+00,7.11E-01,9.29E-01,5.59E-01,5.75E-01,1.01E+00,6.37E-01,5.04E-01,5.01E-01,1.12E+00,8.23E-01,9.27E-01,8.69E-01,1.79E+00,1.56E+00,6.53E-01,5.08E-01,5.72E-01,9.05E-01,7.46E-02,6.16E-02,1.63E-02,2.46E-02,3.65E-02,2.15E-02,2.50E-01,1.54E-02,2.64E-02,1.01E-01,1.01E-01,1.54E-02,1.10E-02,1.04E-02,1.65E-02,1.42E-02,2.67E-02,9.61E-02,2.51E-02,2.40E-02,1.02E-02,1.90E-02,1.12E-02,1.02E-02,4.27E-02,4.25E-02,1.07E-02,2.37E-02,1.86E-02,1.07E-01,1.73E-02,1.15E-02,2.43E-02,1.34E-02,3.31E-02,2.35E-02,1.04E-02,2.13E-02,4.58E-02,1.85E-02,3.09E-02,1.49E-02,1.57E-02,2.34E-02,1.12E-02,9.28E-03,1.13E-02,4.98E-02,1.56E-02,2.23E-02,2.25E-02,4.72E-02,2.05E-02,1.18E-02,3.13E-02,2.05E-02,3.04E-02,2.76E-02,1.23E-02,9.34E-03,3.03E-02,1.01E-02,1.53E-02,1.32E-02,9.66E-03,2.65E-02,3.42E-02,1.07E-02,1.79E-02,2.05E-02,1.51E-02,1.02E-02,2.59E-02,1.91E-02,1.20E-02,2.63E-02,2.09E-02,1.96E-02,1.65E-02,2.47E-02,2.58E-02,1.39E-02,1.32E-02,2.69E-02,9.87E-03,1.26E-02,1.64E-02,2.81E-02,3.20E-02,1.58E-02,1.26E-02,1.49E-02,1.46E-02,1.42E-02,1.44E-02,1.33E-02,2.23E-02,1.21E-02,1.17E-02,2.28E-02,1.94E-02
Replicate39,500.9144842,-93.27731088,4.91E+00,2.92E+00,8.71E-01,1.08E+00,1.21E-01,8.82E-01,1.44E+00,1.85E+00,2.30E+00,5.45E+00,3.33E+00,7.07E+00,6.93E+00,9.54E+00,6.81E+00,3.52E+00,4.80E+00,3.86E+00,3.08E+00,8.76E+00,9.89E+00,3.45E+00,8.70E+00,2.21E+00,2.08E+00,3.65E+00,2.15E+00,2.42E+00,2.19E+00,1.88E+00,1.04E+00,1.53E+00,1.43E+00,1.07E+00,1.78E+00,9.14E-01,1.49E+00,1.33E+00,2.95E-01,4.61E-01,3.09E-02,4.91E-01,4.00E-01,5.91E-01,3.98E-01,3.36E-01,4.39E-01,9.67E-01,1.50E+00,1.57E+00,1.43E+00,4.27E-01,8.61E-01,1.44E+00,6.76E-01,4.61E-01,6.27E-01,1.77E-01,6.58E-01,8.89E-01,6.02E-01,9.73E-01,5.70E-01,8.43E-01,1.22E+00,4.46E-01,2.33E-01,1.08E+00,1.53E+00,9.36E-01,4.56E-01,6.77E-01,4.23E-01,5.16E-01,4.33E-01,1.52E+00,7.27E-01,1.41E+00,4.91E-01,1.38E+00,1.66E+00,5.58E-01,1.77E+00,8.81E-01,5.05E-01,4.69E-01,5.54E-01,1.49E+00,9.90E-01,1.02E+00,5.75E-01,5.48E-01,4.85E-01,4.39E-01,9.51E-01,9.92E-01,5.10E-01,6.90E-01,1.42E+00,3.16E-01,2.15E-02,1.38E-02,1.18E-02,8.99E-03,1.77E-02,3.94E-02,2.54E-02,2.01E-02,1.47E-02,8.15E-02,1.91E-02,6.24E-02,1.03E-02,2.03E-02,5.91E-03,1.40E-02,1.55E-02,1.57E-02,5.49E-03,1.87E-02,1.86E-01,2.30E-02,8.25E-03,1.08E-02,1.32E-02,3.69E-02,1.17E-02,1.87E-02,1.44E-02,1.40E-02,2.42E-02,2.28E-02,1.90E-02,1.10E-02,1.70E-02,2.87E-02,1.97E-02,1.14E-02,4.07E-02,1.59E-02,1.66E-01,2.83E-02,1.12E-02,1.02E-02,1.42E-02,2.23E-02,1.97E-02,1.77E-02,1.70E-02,9.42E-03,1.73E-02,1.69E-02,9.30E-03,1.81E-02,2.48E-02,1.44E-02,1.03E-02,4.04E-02,2.03E-02,2.17E-02,2.10E-02,2.24E-02,1.89E-02,1.87E-02,2.12E-02,2.06E-02,4.90E-02,1.70E-02,9.20E-03,1.17E-02,1.58E-02,2.91E-02,1.18E-02,2.07E-02,1.98E-02,2.70E-02,2.90E-02,2.48E-02,1.30E-02,2.49E-02,1.57E-02,3.26E-02,1.70E-02,1.86E-02,1.56E-02,3.36E-02,3.31E-02,1.60E-02,2.21E-02,2.20E-02,1.57E-02,1.08E-02,2.82E-02,3.64E-02,1.52E-02,2.38E-02,2.46E-02,2.87E-02,2.17E-02,1.63E-02
Replicate38,407.5072812,-115.8204274,1.77212041,2.19802886,0.50572617,2.68045639,0.85437979,1.61488363,2.1484408,2.65282253,1.76927395,2.15846237,1.60699494,2.71825939,8.46677783,4.53665156,1.80630287,1.32096534,2.1147618,1.81565484,1.42480091,0.94513009,0.66906505,1.42296877,0.93687516,0.63592889,0.95514874,1.24900781,1.72421505,1.82374548,1.88572782,1.00028191,0.59741652,1.01742408,0.50862278,1.09856984,0.3876136,0.49507984,1.05808578,0.63745399,0.67298958,0.40345693,1.01484992,0.69518014,0.835199,0.46244904,0.69322005,0.93421228,0.69610228,0.47177074,0.75209849,0.53401259,1.90251805,0.51914217,1.34494712,0.50876686,1.01561927,0.42439049,0.59156104,0.43456028,0.67729238,0.45303622,1.45120194,0.64001346,0.9455335,0.80177738,1.88227267,0.7787009,0.55931139,0.88108015,0.98905589,0.77182735,0.47107546,0.59649576,0.54983761,0.82260862,0.81596289,0.46093924,0.90106909,0.93685449,1.94118455,0.65957295,1.29517559,1.14958875,1.2745428,0.87770803,0.79305605,1.40525272,1.59551943,1.18688015,1.8072222,1.8208998,1.34706194,1.55703064,0.77593746,0.85400583,1.68360017,1.58877632,0.68199732,0.94684672,0.64956718,0.13141277,0.01249466,0.05281843,0.02157675,0.04527738,0.01153061,0.02159856,0.02091162,0.01849332,0.01250558,0.01368639,0.01037903,0.02276337,0.01099326,0.01481357,0.01711464,0.01071443,0.02833837,0.02792934,0.01905221,0.01686092,0.00922419,0.02513919,0.01722984,0.01196377,0.0220488,0.0131873,0.02781915,0.01544063,0.01006834,0.01945083,0.02614295,0.01738635,0.0104726,0.01652406,0.01633674,0.03409675,0.03076097,0.03493831,0.0189563,0.03483429,0.01314388,0.0265234,0.03060568,0.03996798,0.01052507,0.01000367,0.02735809,0.01060116,0.01519039,0.02852421,0.00959235,0.01928492,0.0118913,0.02793275,0.01047653,0.01932197,0.01414158,0.01757459,0.02910468,0.04144662,0.02380619,0.01318353,0.01459642,0.02339819,0.0168256,0.01610008,0.01961996,0.01045378,0.01724484,0.03648709,0.02247202,0.02291479,0.01202267,0.02602267,0.02790401,0.02123928,0.02633228,0.01077659,0.00967838,0.01970592,0.01587779,0.01023164,0.01511597,0.01721786,0.01757528,0.01042498,0.03421756,0.01280587,0.01099912,0.0258079,0.00999985,0.02839757,0.01800221,0.01955262,0.01758792,0.01580101,0.02775378,0.0294318,0.01141923,0.01037462
Replicate37,367.380725,-114.3173,1.34E+00,4.70E+00,1.30E+00,1.64E+00,1.91E+00,2.01E+00,2.84E+00,4.18E+00,2.45E+00,2.12E+00,7.09E+00,6.15E+00,2.43E+00,6.42E+00,3.06E+00,3.51E+00,4.12E+00,1.55E+00,2.18E+00,3.15E+00,1.40E+00,2.01E+00,1.93E+00,1.48E+00,1.79E+00,6.40E-01,8.70E-01,1.75E+00,1.66E+00,4.55E-01,1.09E+00,1.15E+00,1.43E+00,1.41E+00,6.09E-01,1.85E-01,9.32E-01,1.07E+00,1.19E+00,1.72E+00,1.01E+00,3.82E-01,4.60E-01,6.95E-01,8.80E-01,2.08E-01,1.52E+00,4.34E-01,1.02E+00,5.51E-01,1.56E+00,6.01E-01,9.10E-01,2.92E-01,1.50E+00,1.32E+00,6.17E-01,3.91E-01,6.01E-01,1.08E+00,1.03E+00,1.06E+00,2.97E-01,1.07E+00,2.72E-01,4.84E-01,1.66E+00,4.31E-01,1.39E+00,1.05E+00,3.79E-01,1.05E+00,7.67E-01,1.30E+00,6.09E-01,8.63E-01,5.66E-01,1.11E+00,4.93E-01,4.52E-01,5.15E-01,6.00E-01,9.26E-01,1.11E+00,6.24E-01,8.69E-01,7.94E-01,1.14E+00,7.00E-01,1.21E+00,5.41E-01,1.62E+00,1.66E+00,1.01E+00,1.14E+00,1.56E+00,5.37E-01,1.51E+00,4.97E-01,2.47E-02,2.47E-01,6.55E-02,6.66E-02,2.43E-02,2.82E-02,2.31E-02,4.46E-02,2.42E-02,1.63E-02,8.42E-03,4.50E-02,6.98E-03,1.44E-02,9.15E-03,2.54E-02,2.62E-02,7.85E-02,1.06E-02,1.21E-02,2.21E-02,1.34E-02,2.74E-02,2.19E-02,2.97E-02,1.34E-02,1.93E-02,1.07E-02,1.44E-02,2.38E-02,3.41E-02,1.47E-02,1.97E-02,1.34E-02,1.03E-02,1.97E-02,4.27E-02,1.84E-02,2.50E-02,1.97E-02,1.31E-02,2.67E-02,2.98E-02,3.22E-02,1.07E-02,1.86E-02,4.75E-02,1.45E-02,1.52E-02,2.15E-02,2.56E-02,1.29E-02,1.54E-02,1.93E-02,3.12E-02,1.12E-02,1.05E-02,3.41E-02,1.40E-02,1.35E-02,2.37E-02,2.48E-02,2.59E-02,3.61E-02,9.55E-03,4.06E-02,2.89E-02,1.31E-02,1.67E-02,1.23E-02,1.48E-02,3.36E-02,1.18E-02,1.02E-02,1.20E-02,2.13E-02,1.08E-02,1.98E-02,1.37E-02,1.18E-02,3.47E-02,1.93E-02,1.98E-02,2.54E-02,2.37E-02,2.87E-02,1.03E-02,1.75E-02,1.44E-02,1.54E-02,1.74E-02,1.98E-02,2.33E-02,1.58E-02,1.24E-02,1.91E-02,1.17E-02,1.69E-02,2.87E-02,2.74E-02,2.03E-02
Replicate36,425.2568547,-92.54683878,4.70E+00,2.31E-01,1.25E+00,3.73E+00,2.10E+00,3.42E+00,2.27E+00,5.33E+00,9.62E+00,3.86E+00,3.55E+00,2.81E+00,4.47E+00,6.37E+00,4.20E+00,2.56E+00,3.38E+00,1.12E+00,1.40E+00,1.25E+00,1.97E+00,5.47E-01,5.09E-01,1.42E+00,1.32E-01,1.39E+00,1.27E+00,2.44E-01,3.43E-02,6.24E-01,3.65E-02,1.33E-01,1.63E+00,3.96E-01,6.10E-01,1.26E+00,4.20E-01,3.04E-01,9.72E-01,7.96E-01,7.45E-01,6.38E-01,1.28E+00,3.99E-01,1.33E+00,5.26E-01,1.26E+00,4.59E-01,9.41E-01,1.74E+00,9.39E-01,4.05E-01,3.71E-01,7.81E-01,1.13E+00,3.12E-01,1.70E-01,3.33E-01,5.72E-01,1.56E+00,4.01E-01,1.05E+00,1.47E+00,1.34E+00,5.27E-01,2.64E-01,6.22E-01,1.18E+00,7.27E-01,1.11E+00,1.10E+00,5.35E-01,1.27E+00,1.65E+00,6.55E-01,3.98E-01,1.03E+00,7.98E-01,1.75E+00,5.24E-01,1.77E+00,1.00E+00,7.76E-01,9.31E-01,1.55E+00,6.15E-01,1.26E+00,1.11E+00,9.23E-01,6.38E-01,1.33E+00,1.97E+00,6.28E-01,1.52E+00,1.35E+00,5.41E-01,8.03E-01,1.99E+00,1.57E+00,3.04E-01,6.48E-02,3.48E-02,7.22E-02,1.09E-01,1.82E-02,3.75E-02,1.41E-02,5.29E-02,1.60E-01,2.24E-02,1.94E-02,2.15E-02,4.30E-02,9.69E-02,5.35E-02,2.80E-02,6.92E-02,1.14E-02,4.12E-02,1.60E-02,2.12E-02,2.64E-02,1.24E-02,1.39E-02,4.69E-02,8.82E-03,1.04E-02,1.95E-02,9.57E-02,1.67E-02,1.05E-01,4.24E-02,1.05E-02,1.35E-02,1.65E-02,1.17E-02,1.05E-02,1.58E-02,2.03E-02,1.60E-02,1.85E-02,1.35E-02,1.23E-02,2.06E-02,1.14E-02,1.43E-02,1.17E-02,1.75E-02,1.55E-02,8.42E-03,1.28E-02,1.38E-02,2.69E-02,1.06E-02,1.06E-02,2.65E-02,3.69E-02,2.11E-02,2.73E-02,2.03E-02,1.95E-02,1.19E-02,1.26E-02,9.73E-03,2.09E-02,3.38E-02,2.56E-02,1.03E-02,2.09E-02,9.20E-03,2.64E-02,1.48E-02,1.61E-02,1.80E-02,1.67E-02,2.00E-02,1.92E-02,1.21E-02,1.05E-02,1.43E-02,1.46E-02,2.34E-02,1.39E-02,1.21E-02,1.58E-02,1.74E-02,1.31E-02,1.43E-02,1.06E-02,2.72E-02,1.55E-02,1.08E-02,9.48E-03,1.75E-02,1.72E-02,1.99E-02,1.46E-02,9.99E-03,1.40E-02,1.58E-02
Replicate35,413.4332232,-97.12997461,9.79E+00,2.66E+00,2.52E-01,5.02E+00,4.02E+00,1.71E+00,1.87E+00,6.45E+00,2.93E+00,6.40E+00,4.73E+00,5.01E+00,7.56E+00,4.51E+00,4.98E+00,3.29E+00,3.97E+00,2.56E+00,1.87E+00,3.09E+00,2.66E+00,1.44E+00,1.47E+00,1.16E+00,1.87E+00,1.81E+00,2.24E+00,1.91E+00,9.06E-01,1.81E+00,1.39E+00,4.83E-01,7.03E-01,4.09E-01,5.41E-01,4.65E-01,7.47E-01,1.78E-01,2.03E-01,7.34E-01,2.01E-01,9.26E-01,4.42E-01,1.49E+00,5.24E-01,6.15E-01,6.40E-01,1.57E+00,6.79E-02,7.54E-01,7.33E-01,3.91E-01,1.39E+00,1.52E+00,2.50E-01,1.40E-01,1.57E+00,1.73E+00,1.18E+00,1.00E+00,4.48E-01,1.37E+00,3.69E-01,5.42E-01,1.17E+00,3.98E-01,5.73E-01,1.39E+00,6.73E-01,8.63E-01,7.67E-01,5.30E-01,1.24E+00,6.02E-01,8.48E-01,4.18E-01,1.30E+00,1.64E+00,3.28E-01,5.82E-01,6.52E-01,1.23E+00,1.58E+00,9.89E-01,1.57E+00,1.08E+00,1.07E+00,9.46E-01,6.73E-01,8.30E-01,1.10E+00,1.69E+00,1.04E+00,5.25E-01,1.09E+00,7.17E-01,5.66E-01,1.30E+00,1.12E+00,3.92E-01,5.03E-02,3.96E-03,3.46E-02,3.59E-02,2.15E-02,1.11E-01,7.07E-03,5.20E-02,2.25E-02,5.33E-02,2.87E-02,3.40E-02,5.31E-02,3.06E-02,3.98E-02,1.35E-02,2.14E-02,1.36E-02,9.79E-03,2.28E-02,2.39E-02,1.10E-02,1.24E-02,9.88E-03,1.49E-02,1.33E-02,3.24E-02,3.28E-02,1.39E-02,1.56E-02,2.07E-02,3.71E-02,1.91E-02,3.78E-02,2.12E-02,1.87E-02,1.09E-02,4.38E-02,3.46E-02,1.05E-02,4.41E-02,1.45E-02,1.80E-02,1.43E-02,2.94E-02,2.84E-02,1.06E-02,1.69E-02,9.53E-02,1.53E-02,1.29E-02,1.32E-02,2.14E-02,2.17E-02,4.65E-02,6.42E-02,1.85E-02,2.12E-02,2.56E-02,1.72E-02,1.41E-02,1.27E-02,2.18E-02,3.17E-02,2.63E-02,4.05E-02,1.18E-02,1.83E-02,1.04E-02,1.12E-02,1.54E-02,3.39E-02,9.90E-03,2.63E-02,3.04E-02,1.81E-02,9.46E-03,2.46E-02,4.18E-02,1.02E-02,3.04E-02,9.48E-03,1.83E-02,1.85E-02,9.95E-03,2.94E-02,2.46E-02,2.11E-02,1.37E-02,1.46E-02,2.83E-02,3.01E-02,1.40E-02,2.98E-02,2.87E-02,9.89E-03,3.20E-02,3.14E-02,2.45E-02,2.81E-02
Replicate34,559.7213909,-102.6782839,4.24E+00,3.72E-01,4.80E-01,9.70E-01,4.27E+00,3.70E+00,3.27E+00,9.99E+00,2.26E+00,3.01E+00,3.51E+00,2.01E+00,3.79E+00,2.42E+00,2.26E+00,2.19E+00,1.40E+00,1.19E+00,1.63E+00,1.48E+00,9.36E-01,1.19E+00,5.82E-01,3.48E-01,9.35E-01,4.10E-01,5.68E-01,1.05E+00,7.46E-01,1.50E+00,7.14E-01,4.49E-01,7.84E-02,8.55E-01,8.32E-01,5.90E-01,9.70E-01,7.91E-01,8.30E-01,1.02E+00,8.71E-01,8.94E-01,1.24E+00,1.55E+00,6.88E-01,1.28E+00,1.77E+00,2.99E-01,9.48E-01,1.54E+00,7.17E-01,4.73E-01,1.02E+00,1.49E+00,1.62E+00,6.76E-01,8.12E-01,1.65E+00,7.07E-01,7.90E-01,1.26E+00,3.36E-01,5.63E-01,1.09E+00,1.06E+00,4.75E-01,1.27E+00,6.58E-01,1.26E+00,1.88E+00,1.46E+00,7.14E-01,6.25E-01,1.12E+00,1.10E+00,1.32E+00,5.00E-01,8.54E-01,5.62E-01,9.51E-01,4.43E-01,8.15E-01,9.16E-01,9.31E-01,9.26E-01,4.09E-01,1.40E+00,9.48E-01,8.52E-01,9.01E-01,9.53E-01,1.76E+00,1.63E+00,1.29E+00,8.16E-01,1.20E+00,8.17E-01,5.44E-01,1.42E+00,6.83E-01,4.26E-02,6.86E-02,2.44E-02,1.41E-02,8.46E-02,4.07E-02,1.85E-02,3.21E-02,1.32E-02,1.09E-02,2.18E-02,7.89E-03,5.12E-02,1.74E-02,2.48E-02,1.72E-02,1.27E-02,1.26E-02,1.79E-02,3.37E-02,2.74E-02,2.50E-02,2.10E-02,3.60E-02,1.62E-02,1.35E-02,1.20E-02,1.08E-02,1.33E-02,1.24E-02,1.09E-02,1.45E-02,1.09E-01,2.84E-02,1.68E-02,2.15E-02,1.86E-02,1.07E-02,1.03E-02,1.54E-02,2.51E-02,1.06E-02,1.08E-02,9.51E-03,3.06E-02,1.72E-02,1.02E-02,3.89E-02,1.55E-02,1.01E-02,1.40E-02,3.33E-02,1.87E-02,1.34E-02,1.06E-02,2.56E-02,2.45E-02,2.27E-02,2.21E-02,3.07E-02,1.66E-02,2.94E-02,1.62E-02,1.00E-02,1.42E-02,2.00E-02,1.96E-02,1.59E-02,2.97E-02,1.09E-02,2.24E-02,2.40E-02,3.47E-02,1.55E-02,3.07E-02,1.08E-02,1.02E-02,1.31E-02,2.90E-02,1.44E-02,1.44E-02,3.23E-02,1.29E-02,2.42E-02,1.22E-02,3.82E-02,2.88E-02,1.44E-02,9.99E-03,2.71E-02,2.25E-02,1.90E-02,3.05E-02,1.28E-02,1.23E-02,2.88E-02,1.96E-02,1.51E-02,1.23E-02,2.66E-02
Replicate33,562.6368556,-98.39145203,8.66E+00,1.35E+00,1.70E-01,6.97E-01,2.25E+00,2.37E+00,1.65E+00,3.38E+00,4.90E+00,3.79E+00,9.31E+00,3.07E+00,8.89E+00,3.10E+00,4.54E+00,5.49E+00,3.09E+00,3.37E+00,2.09E+00,1.32E+00,1.47E+00,1.84E+00,7.06E-01,1.43E+00,7.42E-01,1.09E+00,1.81E-01,5.72E-02,1.60E+00,2.03E-01,5.03E-01,2.38E-01,1.75E+00,1.09E+00,2.44E-01,5.07E-01,9.05E-01,1.62E+00,8.75E-01,5.65E-01,8.23E-01,1.88E-01,9.69E-01,1.12E+00,4.03E-01,9.42E-01,3.37E-01,3.47E-01,3.33E-01,8.99E-01,4.76E-01,5.62E-01,5.60E-01,8.43E-01,9.91E-01,7.65E-01,4.31E-01,4.69E-01,9.75E-01,6.62E-01,1.01E+00,3.53E-01,5.25E-01,4.84E-01,5.19E-01,9.23E-01,3.75E-01,1.14E+00,1.38E+00,1.04E+00,1.77E+00,4.31E-01,7.03E-01,6.09E-01,8.53E-01,1.47E+00,6.83E-01,1.57E+00,1.60E+00,1.61E+00,7.28E-01,1.57E+00,9.28E-01,6.09E-01,4.63E-01,7.83E-01,1.16E+00,7.76E-01,7.48E-01,6.81E-01,1.07E+00,5.09E-01,5.88E-01,1.19E+00,1.24E+00,7.43E-01,6.22E-01,1.60E+00,1.74E+00,1.56E-01,1.56E-02,1.97E-02,2.94E-02,2.11E-02,2.77E-02,1.57E-02,8.22E-03,1.77E-02,3.84E-02,2.60E-02,1.50E-01,1.68E-02,7.67E-02,2.06E-02,2.46E-02,2.87E-02,2.98E-02,4.88E-02,2.60E-02,1.43E-02,2.41E-02,3.48E-02,3.12E-02,1.95E-02,2.29E-02,1.02E-02,5.52E-02,1.29E-01,1.41E-02,5.08E-02,1.41E-02,3.67E-02,8.61E-03,1.84E-02,3.26E-02,1.95E-02,1.06E-02,9.24E-03,2.22E-02,1.31E-02,1.12E-02,3.77E-02,1.50E-02,2.00E-02,1.66E-02,2.54E-02,1.53E-02,1.68E-02,2.25E-02,2.13E-02,2.22E-02,2.11E-02,1.87E-02,1.27E-02,1.03E-02,1.85E-02,2.33E-02,1.86E-02,1.56E-02,2.05E-02,2.85E-02,2.27E-02,1.07E-02,3.63E-02,2.15E-02,1.03E-02,3.46E-02,2.63E-02,2.99E-02,3.13E-02,1.44E-02,2.18E-02,1.41E-02,1.58E-02,1.00E-02,1.85E-02,1.28E-02,1.22E-02,1.21E-02,2.92E-02,1.43E-02,1.89E-02,1.55E-02,1.63E-02,2.11E-02,3.12E-02,1.22E-02,2.60E-02,2.26E-02,2.37E-02,2.77E-02,3.18E-02,1.89E-02,3.04E-02,1.16E-02,1.69E-02,3.42E-02,2.07E-02,1.02E-02,1.06E-02
Replicate32,316.6821066,-98.27897581,6.96E+00,1.35E+00,2.63E-01,5.53E-01,1.71E+00,1.32E+00,1.50E+00,1.87E+00,2.46E+00,2.13E+00,9.84E+00,2.47E+00,9.31E+00,6.47E+00,8.93E+00,3.67E+00,4.32E+00,3.29E+00,8.98E-01,1.27E+00,8.75E-01,1.94E+00,1.45E+00,5.45E-01,6.66E-01,1.02E+00,5.38E-01,7.93E-01,1.25E+00,9.75E-01,1.42E+00,1.33E+00,1.42E+00,3.55E-01,1.16E+00,1.23E+00,1.46E+00,4.84E-01,9.32E-01,1.76E+00,1.59E+00,7.46E-01,1.48E+00,1.45E+00,1.71E+00,8.02E-01,1.45E-01,1.48E+00,7.06E-01,5.69E-01,1.64E+00,1.64E+00,1.58E+00,3.29E-01,2.55E-01,1.33E+00,2.39E-01,3.74E-01,5.20E-01,1.05E+00,1.33E+00,4.50E-01,6.83E-01,1.42E+00,5.31E-01,2.95E-01,5.08E-01,4.75E-01,5.78E-01,1.80E+00,1.36E+00,1.77E+00,1.05E+00,5.47E-01,5.14E-01,5.00E-01,5.09E-01,6.95E-01,1.24E+00,9.96E-01,9.23E-01,8.75E-01,5.66E-01,8.35E-01,8.95E-01,1.53E+00,1.32E+00,6.08E-01,1.16E+00,1.15E+00,4.83E-01,1.19E+00,1.03E+00,1.18E+00,4.48E-01,1.56E+00,8.24E-01,1.31E+00,1.66E+00,2.26E-01,6.68E-02,3.87E-02,1.92E-02,2.93E-02,1.53E-02,1.56E-02,3.13E-02,1.65E-02,1.58E-02,1.27E-02,6.23E-02,9.84E-03,2.36E-01,1.28E-01,2.63E-02,4.83E-02,1.06E-01,2.61E-02,1.15E-02,2.17E-02,1.69E-02,3.21E-02,2.50E-02,2.25E-02,2.26E-02,2.06E-02,2.90E-02,2.19E-02,1.40E-02,2.45E-02,9.68E-03,1.35E-02,9.44E-03,3.92E-02,9.50E-03,1.55E-02,1.85E-02,1.54E-02,1.57E-02,9.82E-03,1.15E-02,1.45E-02,1.10E-02,2.17E-02,1.23E-02,1.11E-02,5.83E-02,1.62E-02,2.74E-02,1.28E-02,1.18E-02,1.18E-02,1.93E-02,2.97E-02,4.43E-02,1.28E-02,4.38E-02,2.02E-02,1.60E-02,1.12E-02,1.45E-02,1.99E-02,2.44E-02,2.46E-02,1.20E-02,3.90E-02,1.99E-02,2.73E-02,3.63E-02,2.34E-02,1.95E-02,1.14E-02,1.39E-02,1.05E-02,1.68E-02,2.35E-02,2.32E-02,1.79E-02,2.41E-02,1.45E-02,2.08E-02,2.08E-02,2.77E-02,3.35E-02,2.26E-02,1.16E-02,2.25E-02,1.21E-02,2.86E-02,1.26E-02,1.58E-02,1.59E-02,2.62E-02,3.51E-02,2.07E-02,2.24E-02,3.57E-02,2.75E-02,2.56E-02,1.13E-02
Replicate31,412.2667465,-94.25589406,6.05E+00,4.43E-01,7.54E-01,1.15E+00,9.02E-01,1.55E+00,2.54E+00,6.71E+00,2.73E+00,8.02E+00,2.91E+00,3.68E+00,2.94E+00,7.77E+00,9.97E+00,2.41E+00,2.65E+00,2.73E+00,4.53E+00,4.22E+00,1.70E+00,1.85E+00,8.09E-01,1.84E+00,1.31E+00,1.55E+00,4.62E-01,3.76E-01,9.07E-02,8.98E-01,9.27E-01,2.74E-01,1.61E-01,1.64E-02,2.77E-01,2.64E-01,9.05E-01,5.92E-01,1.65E+00,9.62E-01,4.77E-02,1.15E+00,1.30E+00,1.84E-02,4.96E-01,1.27E+00,1.45E-01,5.12E-01,4.99E-01,1.19E+00,1.65E-01,1.13E+00,1.35E+00,8.01E-01,9.99E-02,6.24E-01,4.38E-01,9.32E-01,6.82E-01,9.23E-01,8.14E-01,9.71E-01,5.98E-01,5.75E-01,6.55E-01,1.00E+00,1.67E+00,1.14E+00,7.50E-01,5.32E-01,6.30E-01,5.98E-01,1.23E+00,4.40E-01,1.63E+00,6.52E-01,6.82E-01,5.19E-01,5.49E-01,1.40E+00,7.57E-01,4.34E-01,1.30E+00,4.45E-01,1.60E+00,1.82E+00,1.13E+00,8.76E-01,1.71E+00,9.56E-01,1.94E+00,6.10E-01,5.57E-01,1.20E+00,1.28E+00,7.80E-01,1.53E+00,9.13E-01,5.09E-01,8.03E-01,4.95E-02,7.95E-02,1.13E-02,2.16E-02,1.25E-02,1.19E-02,3.87E-02,9.65E-02,1.25E-02,1.01E-01,1.33E-02,4.61E-02,2.47E-02,1.09E-01,1.99E-01,1.27E-02,1.46E-02,1.88E-02,5.45E-02,4.11E-02,1.61E-02,1.71E-02,9.30E-03,1.81E-02,2.86E-02,1.28E-02,4.00E-02,3.46E-02,5.64E-02,1.43E-02,1.13E-02,1.74E-02,3.45E-02,1.89E-01,2.21E-02,1.38E-02,1.55E-02,1.70E-02,8.36E-03,1.04E-02,9.79E-02,1.66E-02,1.50E-02,2.27E-01,2.82E-02,1.73E-02,4.29E-02,3.12E-02,2.97E-02,1.37E-02,3.79E-02,1.04E-02,1.38E-02,1.63E-02,8.39E-02,1.85E-02,1.31E-02,2.72E-02,2.82E-02,2.58E-02,2.44E-02,2.32E-02,2.39E-02,1.38E-02,1.08E-02,2.46E-02,2.49E-02,2.42E-02,1.49E-02,3.37E-02,2.88E-02,2.39E-02,2.82E-02,1.17E-02,2.56E-02,1.78E-02,1.10E-02,3.38E-02,2.24E-02,3.02E-02,3.30E-02,2.68E-02,2.55E-02,2.36E-02,9.93E-03,1.66E-02,1.23E-02,2.71E-02,1.33E-02,1.09E-02,1.22E-02,1.78E-02,1.51E-02,1.65E-02,1.45E-02,1.94E-02,1.91E-02,3.24E-02,1.00E-02,2.30E-02
Replicate30,407.3992304,-120.5161056,1.02E+00,9.92E+00,2.04E+00,1.67E+00,2.18E+00,1.73E+00,1.76E+00,1.08E+00,8.21E-01,1.00E+00,1.62E+00,1.74E+00,1.90E+00,1.44E+00,1.73E+00,1.77E+00,1.70E+00,1.50E+00,2.05E+00,1.82E+00,1.68E+00,8.03E-01,6.87E-01,1.18E+00,6.63E-01,4.65E-01,1.08E+00,6.55E-01,1.03E+00,1.82E+00,1.38E+00,9.11E-01,1.08E+00,7.13E-01,7.54E-01,1.00E+00,6.43E-01,1.84E+00,9.28E-01,1.03E+00,4.37E-01,4.06E-01,4.35E-01,8.16E-01,1.70E+00,7.33E-01,1.10E+00,5.19E-01,4.77E-01,1.81E+00,1.70E+00,8.65E-01,4.86E-01,3.13E-01,5.16E-01,4.09E-01,4.74E-01,1.24E+00,1.18E+00,1.38E+00,1.29E+00,7.33E-01,1.10E+00,5.29E-01,5.85E-01,4.38E-01,1.66E+00,5.15E-01,4.75E-01,5.81E-01,1.66E+00,6.33E-01,4.99E-01,9.50E-01,1.23E+00,4.46E-01,7.46E-01,1.77E+00,6.19E-01,1.78E+00,1.20E+00,1.64E+00,9.89E-01,1.31E+00,1.66E+00,9.35E-01,6.23E-01,8.33E-01,1.32E+00,7.16E-01,1.68E+00,1.91E+00,4.83E-01,1.75E+00,1.48E+00,1.93E+00,7.65E-01,4.70E-01,1.95E+00,1.67E-01,5.70E-02,4.25E-02,1.51E-02,1.20E-02,1.80E-02,1.44E-02,1.49E-02,1.35E-02,1.34E-02,1.50E-02,1.07E-02,3.91E-02,3.34E-02,1.97E-02,2.09E-02,3.26E-02,1.46E-02,2.27E-02,3.77E-02,2.82E-02,1.69E-02,2.05E-02,3.69E-02,1.40E-02,1.40E-02,2.54E-02,1.11E-02,9.96E-03,2.43E-02,9.80E-03,1.16E-02,2.24E-02,1.52E-02,1.09E-02,1.29E-02,2.27E-02,1.60E-02,1.03E-02,3.21E-02,2.10E-02,1.54E-02,2.64E-02,1.17E-02,1.52E-02,2.28E-02,1.75E-02,1.25E-02,1.38E-02,1.10E-02,1.33E-02,2.88E-02,1.15E-02,3.63E-02,4.43E-02,1.88E-02,2.03E-02,2.73E-02,1.85E-02,1.69E-02,2.25E-02,1.89E-02,2.19E-02,2.51E-02,1.27E-02,1.20E-02,3.64E-02,1.22E-02,3.65E-02,1.39E-02,1.52E-02,1.23E-02,1.68E-02,2.24E-02,1.52E-02,3.19E-02,2.19E-02,1.46E-02,1.07E-02,1.40E-02,9.72E-03,1.26E-02,9.72E-03,1.47E-02,2.89E-02,3.02E-02,1.62E-02,1.06E-02,1.46E-02,2.55E-02,1.05E-02,1.11E-02,1.62E-02,3.32E-02,1.62E-02,2.07E-02,9.82E-03,1.65E-02,2.46E-02,2.35E-02,1.52E-02
Replicate29,338.0259412,-99.23773213,5.50E+00,2.05E-01,6.65E-01,7.74E-01,9.49E-01,3.87E+00,6.61E+00,3.18E+00,2.07E+00,9.62E+00,4.94E+00,9.15E+00,3.07E+00,2.79E+00,4.13E+00,2.36E+00,4.19E+00,3.58E+00,1.78E+00,1.92E+00,3.37E+00,3.37E+00,1.59E+00,1.50E+00,1.61E+00,1.83E+00,1.10E+00,1.28E+00,9.69E-01,1.05E+00,9.21E-01,8.03E-01,8.97E-01,7.32E-01,5.52E-01,1.50E+00,7.94E-01,7.04E-01,5.28E-01,1.35E+00,9.61E-01,3.59E-01,1.67E-01,3.40E-01,5.70E-01,7.20E-01,1.25E+00,2.41E-01,7.44E-01,5.28E-01,9.60E-01,1.18E+00,4.74E-01,1.52E+00,6.19E-01,1.76E+00,1.26E+00,8.14E-01,8.91E-01,3.65E-01,1.59E+00,1.51E+00,8.40E-01,1.35E+00,8.79E-01,1.04E+00,1.27E+00,4.28E-01,3.77E-01,4.61E-01,1.34E+00,5.92E-01,5.62E-01,8.92E-01,1.16E+00,5.79E-01,1.22E+00,1.29E+00,1.30E+00,1.61E+00,5.58E-01,5.08E-01,1.27E+00,1.59E+00,7.06E-01,1.53E+00,1.07E+00,1.86E+00,1.54E+00,1.29E+00,1.77E+00,1.82E+00,1.48E+00,1.03E+00,4.88E-01,1.65E+00,7.67E-01,1.54E+00,7.62E-01,1.87E-01,7.82E-02,2.18E-02,1.11E-02,2.66E-02,1.81E-02,6.79E-02,1.02E-01,1.79E-02,8.41E-03,9.91E-02,1.96E-02,1.32E-01,1.25E-02,1.41E-02,2.36E-02,9.60E-03,9.99E-03,2.97E-02,1.01E-02,1.22E-02,3.64E-02,5.23E-02,1.64E-02,2.07E-02,2.41E-02,2.26E-02,1.40E-02,9.98E-03,2.07E-02,2.90E-02,2.89E-02,1.57E-02,1.07E-02,2.36E-02,3.23E-02,2.20E-02,1.18E-02,2.59E-02,1.27E-02,1.66E-02,1.22E-02,2.56E-02,4.51E-02,4.09E-02,1.22E-02,2.00E-02,2.64E-02,4.76E-02,9.87E-03,3.41E-02,1.19E-02,2.08E-02,1.57E-02,1.07E-02,2.00E-02,1.03E-02,2.70E-02,2.96E-02,2.96E-02,1.47E-02,1.99E-02,1.98E-02,2.60E-02,2.57E-02,2.75E-02,1.76E-02,2.10E-02,1.81E-02,1.83E-02,1.41E-02,2.03E-02,2.14E-02,3.08E-02,1.06E-02,1.59E-02,1.83E-02,1.02E-02,1.39E-02,1.27E-02,2.54E-02,2.92E-02,1.27E-02,1.15E-02,2.09E-02,2.23E-02,9.80E-03,2.22E-02,2.62E-02,1.98E-02,2.00E-02,2.84E-02,1.37E-02,2.48E-02,1.96E-02,1.01E-02,2.48E-02,2.72E-02,1.27E-02,2.04E-02,3.38E-02
Replicate28,419.6520147,-106.939722,7.10195453,0.76523928,0.23788179,1.4031451,0.88647599,5.14460072,3.35870216,2.12861922,2.64156826,4.60625719,3.29915202,1.63697775,1.30011009,1.08736119,2.79241384,1.59379979,0.88689359,0.67497812,1.20692167,1.34367264,0.35717847,0.66118767,0.71677001,0.87084326,1.60637207,1.43267074,1.82355074,0.80146738,0.21331997,0.92569151,0.24537552,0.38192526,0.20965403,0.51330932,0.91467673,0.46023773,1.59286592,0.35264328,0.08786241,0.64374424,0.65132142,1.03407908,0.4090359,0.77691761,1.50447039,0.22509968,0.66027026,0.59997996,1.32048433,1.17809584,1.66317189,0.4386578,0.42712877,0.64782152,0.49926758,0.74897052,1.52910967,1.2361904,1.66251114,0.69970889,1.08810689,1.34120941,1.588797,0.7860374,0.95331464,0.8465641,0.40707393,1.05869723,0.6372773,0.53370592,1.75439823,0.73506133,1.88765474,1.82085667,1.68309864,1.53940094,1.47727181,0.87826735,1.10968251,1.61377953,0.86178093,0.81993961,0.62825093,1.3501298,0.51362803,1.63241005,1.80357516,0.78655181,0.84545143,0.95050888,1.0395261,0.87267041,0.96534015,0.52788137,1.72267225,0.59418321,1.34862836,0.88918641,1.42745205,0.79546128,0.06168262,0.01416108,0.01933081,0.01697764,0.04338495,0.17345772,0.03885956,0.01615899,0.02320373,0.0493622,0.04773522,0.01309623,0.01018642,0.00892852,0.04585813,0.02942523,0.01625841,0.00966818,0.01668822,0.03554453,0.03426049,0.02004365,0.01306473,0.02978396,0.01494852,0.01311188,0.01035677,0.01394606,0.0396997,0.01247604,0.03872013,0.03288949,0.0345198,0.02961688,0.01323903,0.01604737,0.01515408,0.03971517,0.09936045,0.02308179,0.01331315,0.03215668,0.01127118,0.01043634,0.01805672,0.0612089,0.01938482,0.01657391,0.01254211,0.02465679,0.00945443,0.0109132,0.03380345,0.03875718,0.01764126,0.02215905,0.01697049,0.02083117,0.02312571,0.0111091,0.01462458,0.0130448,0.01363524,0.015331,0.0274212,0.03002905,0.02225976,0.02971579,0.03428703,0.03135865,0.01922737,0.01890564,0.0301017,0.01269336,0.0102207,0.02873876,0.02021749,0.01305837,0.02545081,0.01357001,0.02193528,0.0164347,0.02905607,0.01148528,0.01829281,0.01034795,0.01454227,0.0269318,0.02028664,0.02508177,0.03116949,0.01666717,0.01746106,0.02160544,0.0313945,0.01098573,0.01023799,0.01319943,0.01740994,0.01840765
Replicate27,366.04181,-104.8970208,1.92E+00,8.32E+00,9.97E+00,5.56E-01,2.93E-01,4.42E-01,6.46E-01,2.60E+00,4.78E+00,2.06E+00,2.17E+00,2.07E+00,3.75E+00,8.48E+00,5.46E+00,3.38E+00,6.19E+00,3.01E+00,5.38E+00,3.35E+00,2.40E+00,5.20E+00,2.22E+00,2.50E+00,2.77E+00,2.40E+00,2.54E+00,1.94E+00,4.15E+00,2.79E+00,8.82E-01,1.02E+00,1.48E+00,2.06E+00,7.22E-01,1.71E+00,1.86E+00,1.01E+00,7.56E-01,5.97E-01,1.56E+00,1.14E+00,3.64E-01,6.55E-01,3.50E-01,1.58E+00,2.74E-01,2.95E-01,3.71E-01,2.68E-01,1.31E+00,1.47E+00,7.89E-01,1.30E+00,2.01E-01,9.06E-01,1.43E+00,3.72E-01,2.48E-01,5.95E-01,6.91E-01,4.99E-01,8.78E-01,7.77E-01,1.21E+00,4.02E-01,4.04E-01,4.47E-01,8.75E-01,7.10E-01,1.33E+00,7.88E-01,7.85E-01,3.54E-01,9.94E-01,8.15E-01,1.17E+00,3.67E-01,1.03E+00,4.73E-01,8.41E-01,5.42E-01,3.19E-01,1.40E+00,1.59E+00,1.56E+00,7.07E-01,1.59E+00,1.38E+00,5.83E-01,6.77E-01,9.87E-01,5.94E-01,3.70E-01,1.39E+00,1.52E+00,4.93E-01,5.56E-01,6.78E-01,1.75E-02,1.05E-01,5.43E-03,3.30E-03,2.97E-03,1.55E-02,1.97E-02,1.90E-02,5.34E-02,6.55E-02,9.81E-03,7.63E-03,7.98E-03,2.14E-02,8.03E-02,1.09E-02,1.60E-02,4.41E-02,1.40E-02,2.74E-02,1.27E-02,1.09E-02,2.15E-02,1.11E-02,1.42E-02,1.31E-02,1.56E-02,1.88E-02,1.33E-02,6.23E-02,4.57E-02,9.14E-03,1.03E-02,1.73E-02,3.23E-02,1.71E-02,1.26E-02,1.62E-02,2.87E-02,1.07E-02,3.03E-02,2.11E-02,1.44E-02,2.70E-02,3.03E-02,1.30E-02,1.61E-02,1.70E-02,1.66E-02,2.29E-02,3.70E-02,2.31E-02,1.43E-02,2.57E-02,1.26E-02,2.97E-02,2.72E-02,1.33E-02,1.35E-02,2.64E-02,2.55E-02,1.20E-02,1.81E-02,1.12E-02,1.91E-02,2.64E-02,1.54E-02,1.38E-02,2.34E-02,9.89E-03,1.34E-02,2.79E-02,2.89E-02,2.66E-02,4.25E-02,2.13E-02,2.31E-02,2.29E-02,1.71E-02,2.47E-02,1.56E-02,1.65E-02,1.16E-02,3.63E-02,2.43E-02,2.04E-02,2.84E-02,1.42E-02,1.81E-02,1.34E-02,3.52E-02,2.90E-02,1.06E-02,2.74E-02,4.09E-02,2.79E-02,2.28E-02,3.42E-02,1.22E-02,2.50E-02,3.44E-02
Replicate26,609.5889357,-100.356993,1.53E+00,1.92E+00,5.20E-01,6.42E+00,2.04E+00,2.11E+00,5.59E+00,8.16E+00,2.85E+00,2.66E+00,4.31E+00,2.48E+00,1.66E+00,2.90E+00,3.33E+00,2.27E+00,2.77E+00,2.12E+00,1.79E+00,1.52E+00,2.10E+00,1.93E+00,1.09E+00,1.87E+00,1.29E+00,4.88E-01,7.37E-01,1.11E+00,4.62E-01,2.16E-01,2.20E-02,2.31E-01,7.38E-01,1.80E+00,1.95E-01,1.77E+00,6.72E-01,2.05E-01,6.64E-01,1.47E+00,1.18E+00,1.27E+00,1.34E+00,8.54E-01,1.40E+00,5.55E-01,5.91E-01,1.36E+00,5.80E-01,1.22E+00,9.22E-01,3.97E-01,1.53E+00,3.53E-01,1.13E+00,3.96E-01,3.05E-01,9.44E-01,8.03E-01,6.83E-01,1.53E+00,9.70E-01,1.76E+00,1.28E+00,1.65E+00,5.45E-01,8.51E-01,1.09E+00,1.59E+00,1.16E+00,3.18E-01,1.02E+00,9.45E-01,1.62E+00,3.75E-01,9.41E-01,7.86E-01,9.85E-01,1.12E+00,6.54E-01,6.48E-01,1.39E+00,1.15E+00,1.29E+00,1.92E+00,9.36E-01,1.88E+00,1.26E+00,1.43E+00,1.15E+00,1.38E+00,1.90E+00,1.08E+00,1.34E+00,1.19E+00,9.99E-01,1.47E+00,7.22E-01,8.81E-01,7.19E-01,1.35E-02,1.22E-02,1.33E-01,6.32E-02,9.03E-03,1.07E-02,5.53E-02,9.98E-02,1.42E-02,1.45E-02,3.67E-02,1.45E-02,7.94E-03,1.77E-02,2.78E-02,1.28E-02,2.50E-02,1.76E-02,1.71E-02,1.64E-02,1.50E-02,3.26E-02,1.06E-02,1.20E-02,1.58E-02,3.19E-02,1.94E-02,1.22E-02,1.93E-02,3.26E-02,2.37E-01,2.41E-02,1.13E-02,1.04E-02,5.82E-02,1.04E-02,1.58E-02,5.71E-02,1.90E-02,2.05E-02,1.14E-02,2.27E-02,9.70E-03,1.65E-02,1.50E-02,1.25E-02,2.43E-02,1.73E-02,1.85E-02,1.50E-02,2.08E-02,2.08E-02,2.34E-02,2.04E-02,1.40E-02,2.16E-02,2.59E-02,1.68E-02,2.86E-02,3.11E-02,1.60E-02,1.71E-02,1.08E-02,1.35E-02,1.90E-02,1.50E-02,2.81E-02,1.57E-02,9.65E-03,2.80E-02,4.29E-02,1.92E-02,1.56E-02,2.86E-02,2.37E-02,1.82E-02,3.28E-02,1.28E-02,1.53E-02,1.04E-02,2.11E-02,2.63E-02,2.33E-02,3.11E-02,1.37E-02,1.95E-02,2.99E-02,1.72E-02,3.10E-02,1.42E-02,2.41E-02,1.62E-02,1.56E-02,2.41E-02,1.27E-02,1.18E-02,1.38E-02,1.15E-02,2.91E-02,2.50E-02
Replicate25,431.4703347,-120.1931748,0.93326721,2.42567158,1.17828822,0.82454016,7.41740885,2.55522043,2.0324762,1.61968386,1.01854712,2.21779039,1.07705276,2.88756812,1.95700935,2.40793403,1.97396663,1.79404778,0.85647474,1.36477602,0.79120522,0.67013354,1.55639707,1.115796,1.13412046,0.66202427,0.71681487,0.97813265,1.68481123,0.48718022,0.56754357,0.93999346,0.55548832,1.5920149,0.38139941,0.55406924,0.61129967,1.257824,0.17716314,0.81518149,1.14249001,0.24750655,0.79982717,0.35775165,0.56152925,0.6230188,0.33314342,0.69604388,1.78753985,0.26037881,0.54200526,1.48171814,1.19299106,0.70836541,0.56857084,1.11294081,1.47374057,0.55671381,1.04091709,0.59456167,0.7336227,0.46864412,0.47768602,0.80575293,1.68533022,1.80251991,0.43558945,1.27672059,1.5324137,1.60195153,0.62685445,0.93039176,0.98506007,0.60532013,1.06517741,0.45730501,0.63624775,1.65066599,1.07261391,0.86569369,0.7312067,1.66671338,0.84210676,0.72727268,0.50563999,0.72611966,1.87387113,0.59431192,0.7525632,1.07079714,1.31694344,0.9329841,1.15559895,0.82945845,0.67469414,0.68213905,0.66093979,1.47518622,1.92104508,0.81345972,1.35058191,0.26361505,0.03580145,0.00912209,0.22387183,0.02383395,0.11847428,0.03214958,0.02031783,0.01554063,0.00909012,0.01479076,0.00902131,0.02789042,0.01519887,0.032963,0.02541765,0.03426948,0.01443967,0.01741136,0.02037388,0.01597221,0.01079483,0.02797767,0.01038477,0.02270348,0.02457696,0.01117089,0.01080151,0.01098899,0.01780327,0.02607029,0.03517151,0.01933683,0.03812901,0.02434982,0.0149035,0.01817464,0.063449,0.01024531,0.01471814,0.03835649,0.00997237,0.02198289,0.03540184,0.01536385,0.04126038,0.02704587,0.01748977,0.04217173,0.01355753,0.02482331,0.03197212,0.027363,0.01365518,0.02993942,0.02689166,0.01053659,0.02557788,0.03696475,0.03049323,0.02664444,0.03450783,0.01622032,0.03122088,0.01269635,0.02727953,0.0258163,0.01100816,0.01108167,0.021902,0.02903849,0.02718853,0.01936439,0.02257039,0.02577921,0.02859832,0.02742732,0.01974796,0.0311571,0.01063125,0.0274155,0.01288359,0.03413961,0.03524527,0.01747459,0.01232656,0.03175779,0.0130111,0.02634298,0.03189741,0.03489795,0.01358098,0.02234251,0.02323631,0.02065341,0.0191163,0.01947121,0.00997009,0.01842072,0.01913829,0.01853239
Replicate24,388.7967638,-115.5058914,1.56944113,8.34660666,7.33639006,1.54290419,0.74901598,1.49903302,0.59971338,1.5938592,1.7605998,1.08731275,1.63029567,1.93432164,1.30546114,1.93283596,1.3580614,2.09160281,2.60525975,1.40504621,0.9173304,1.77801515,1.52336477,1.58241221,0.68901796,1.5091336,1.36108414,0.69313741,0.56723864,0.51882641,1.32201512,0.51582059,0.28446276,0.66757224,0.7012976,1.28216434,0.62622775,0.48734086,0.47230027,0.86856413,0.8134298,0.2257936,1.00396201,0.35704666,1.25233575,0.94945399,0.72705714,0.99724254,1.09663751,0.44051967,0.68806239,1.33275362,0.89815296,1.45206067,0.2947859,0.71197298,0.48229219,0.86134274,0.53780169,0.40839969,1.11354431,1.06378621,1.07461058,1.53530608,0.94910112,0.88954971,1.39872776,0.42305717,0.33171211,1.32004525,1.62816987,0.42730907,0.68027212,1.40751551,1.55464875,0.65412672,1.66512247,1.52871689,0.40403645,1.27607583,0.73759236,0.86787838,0.81945887,0.55429247,1.54650027,0.9202626,0.73195362,0.73088766,1.21222912,0.50183018,1.58791237,1.72523912,1.09972076,1.39242735,1.73309942,1.20768402,0.83759386,0.56886258,1.25565358,1.6300956,1.25836965,0.0685428,0.2394507,0.01094183,0.01815503,0.03345408,0.01561378,0.0286848,0.01976801,0.02089066,0.02080833,0.01611742,0.02988151,0.03062965,0.01210189,0.02145445,0.01283614,0.03391192,0.0606405,0.01850654,0.01076437,0.04310408,0.01349033,0.01185602,0.01083437,0.01642463,0.0232058,0.04058144,0.01892892,0.01660493,0.02114823,0.01573864,0.03666685,0.0278628,0.01741126,0.02471333,0.02424151,0.01704155,0.01470685,0.02460631,0.02073597,0.04193972,0.01686838,0.0354895,0.0149974,0.01062163,0.02054034,0.02229547,0.0124283,0.02983634,0.0172561,0.02641994,0.03212103,0.02272883,0.03558475,0.02533219,0.02735745,0.03406222,0.01501154,0.03260438,0.02797865,0.01481372,0.01158915,0.01407584,0.01639735,0.01216458,0.03087775,0.01263048,0.03390794,0.03246233,0.01472661,0.04024807,0.02185578,0.01010429,0.01853182,0.01117462,0.0137282,0.02860815,0.03986069,0.02137602,0.01424926,0.01276655,0.02205933,0.01330424,0.03192971,0.01776707,0.01024887,0.02399291,0.03368379,0.02040912,0.0204706,0.01254539,0.02169499,0.02683475,0.01722581,0.03210273,0.01285094,0.01027432,0.03112849,0.01954004,0.01075902,0.01400927
Replicate23,358.2653298,-98.91033233,5.38754958,0.2057783,1.58392727,1.95784028,3.56074363,1.87761339,1.62541385,2.56280632,5.70230324,2.98028173,3.28656936,5.94105213,8.905604,7.42021014,7.92830656,3.47149587,5.26503408,2.97954792,4.66901557,2.79097755,3.0556134,2.10036541,2.24473897,2.05451617,1.7894101,1.72011168,1.22787434,1.06059595,0.59361755,0.78055974,0.44510038,1.27983822,1.18559411,1.32908185,0.66121817,0.5418506,1.4105957,0.4194113,0.91365592,1.16117542,1.75576672,1.07335125,0.24822177,1.64123567,1.02652462,1.13328897,0.49290849,1.340647,1.05286618,1.19702717,0.35709911,1.38164894,0.31662026,0.7973766,0.97638517,0.33821884,1.77264898,0.11554497,0.90066401,0.84265077,0.34920828,0.80365277,0.34536623,0.78326787,0.95477288,1.38018056,1.03173717,0.9128001,1.82224885,0.40421138,1.32683872,0.68308759,1.07594502,0.75617248,0.91029799,0.49736408,1.52407619,1.31614264,1.30660842,0.90762544,0.69968874,0.5263564,1.75623281,0.72200624,0.87920752,0.4204185,0.57472769,0.96573886,0.99369546,1.28993802,1.4923688,0.48701563,0.66277004,1.05000264,1.03491865,0.6424212,0.74007856,1.10306979,1.4946649,0.11293148,0.07610745,0.02447829,0.05566604,0.0108028,0.02169265,0.01366623,0.01167471,0.0160584,0.04919198,0.01345291,0.01552562,0.03628532,0.122549,0.02047808,0.0252538,0.01973527,0.04982107,0.01915837,0.02521015,0.02170244,0.03027434,0.01357627,0.02101837,0.02652489,0.01178972,0.02970771,0.01997636,0.02378314,0.01142165,0.01615986,0.01661513,0.00958648,0.02315641,0.01797065,0.01233676,0.02903784,0.02288376,0.01187412,0.01398092,0.01974287,0.01259978,0.01592508,0.0394282,0.01485806,0.01311833,0.01724702,0.02501151,0.00956037,0.02291025,0.01710412,0.01619705,0.01040131,0.01521618,0.01744117,0.01805427,0.01422625,0.01211378,0.06268745,0.0270948,0.01885452,0.02543629,0.01776009,0.02496112,0.02510383,0.02695217,0.02101536,0.01052512,0.01416241,0.01551217,0.01377032,0.02655744,0.02778142,0.02221381,0.02048026,0.01265981,0.01544191,0.02141433,0.01487836,0.01857428,0.01350729,0.01026954,0.024872,0.01894092,0.00977771,0.00959286,0.03466984,0.01515619,0.02458014,0.0230429,0.01131174,0.01433097,0.01207738,0.01114777,0.01861818,0.01046762,0.01129295,0.01038778,0.00959746,0.02244031,0.01426072
Replicate22,378.7963777,-119.0995721,6.50E-01,9.70E+00,9.93E-01,6.40E-01,1.17E+00,2.04E+00,2.17E+00,3.11E+00,1.89E+00,6.98E+00,3.73E+00,2.28E+00,2.81E+00,8.41E+00,1.35E+00,1.16E+00,1.95E+00,2.72E+00,1.96E+00,1.91E+00,1.50E+00,6.27E-01,1.32E+00,8.98E-01,6.43E-01,8.56E-01,1.52E+00,1.37E+00,5.66E-01,1.05E+00,1.17E+00,1.03E+00,1.25E+00,4.85E-01,6.79E-01,1.06E+00,3.71E-01,4.60E-01,3.82E-01,7.09E-01,5.35E-01,3.46E-01,2.52E-01,1.47E+00,4.40E-01,1.24E+00,2.24E-01,9.74E-01,1.52E+00,5.92E-01,1.71E+00,2.85E-01,1.14E+00,5.23E-01,8.06E-01,1.02E+00,5.02E-01,6.16E-01,5.01E-01,1.59E+00,1.29E+00,9.68E-01,5.55E-01,1.84E+00,3.41E-01,1.57E+00,5.88E-01,6.58E-01,9.83E-01,1.06E+00,9.39E-01,8.77E-01,7.88E-01,5.70E-01,1.89E+00,6.00E-01,5.80E-01,1.47E+00,1.37E+00,1.12E+00,1.18E+00,8.21E-01,1.11E+00,1.18E+00,8.55E-01,1.15E+00,1.38E+00,5.65E-01,4.71E-01,4.71E-01,1.10E+00,5.68E-01,6.65E-01,9.17E-01,7.29E-01,8.01E-01,1.06E+00,1.19E+00,1.31E+00,2.28E-01,2.74E-02,1.20E-01,1.12E-01,1.60E-02,4.47E-02,1.97E-02,2.44E-02,3.22E-02,1.25E-02,2.34E-02,4.60E-02,1.51E-02,2.67E-02,9.98E-03,9.03E-03,8.27E-03,1.84E-02,3.71E-02,2.77E-02,2.37E-02,1.49E-02,1.09E-02,2.60E-02,1.92E-02,1.42E-02,2.23E-02,1.91E-02,2.56E-02,3.22E-02,2.42E-02,2.36E-02,2.07E-02,9.68E-03,2.59E-02,1.28E-02,1.39E-02,3.85E-02,3.15E-02,2.22E-02,1.04E-02,1.88E-02,2.48E-02,4.81E-02,2.21E-02,2.28E-02,1.11E-02,5.28E-02,2.47E-02,1.58E-02,2.23E-02,1.10E-02,3.58E-02,1.14E-02,2.33E-02,2.66E-02,2.85E-02,3.06E-02,1.34E-02,2.22E-02,9.46E-03,1.89E-02,1.14E-02,2.57E-02,1.81E-02,3.56E-02,1.10E-02,1.23E-02,1.68E-02,2.40E-02,1.52E-02,1.51E-02,1.42E-02,1.02E-02,1.29E-02,1.72E-02,2.44E-02,1.61E-02,1.64E-02,2.22E-02,2.15E-02,2.03E-02,2.74E-02,2.24E-02,2.63E-02,1.62E-02,2.07E-02,2.13E-02,2.40E-02,2.11E-02,1.90E-02,1.98E-02,1.29E-02,3.33E-02,2.05E-02,1.74E-02,2.71E-02,1.13E-02,2.84E-02,1.62E-02,1.65E-02
Replicate21,388.9688727,-107.5161881,1.88E+00,3.27E-01,7.76E-01,2.26E+00,1.77E+00,3.06E+00,2.29E+00,2.59E+00,4.96E+00,4.41E+00,2.92E+00,9.31E+00,2.19E+00,2.33E+00,1.73E+00,4.23E+00,1.57E+00,2.32E+00,1.85E+00,2.15E+00,1.87E+00,9.65E-01,1.29E+00,1.66E+00,1.94E+00,1.89E+00,7.81E-01,7.98E-01,7.93E-01,1.14E+00,1.82E+00,8.16E-01,1.73E+00,1.62E+00,6.75E-01,2.74E-01,1.56E+00,1.25E+00,9.17E-01,1.05E+00,1.19E+00,1.07E+00,1.14E+00,6.06E-01,7.26E-01,1.48E+00,3.58E-01,2.73E-01,6.91E-01,3.92E-01,7.82E-01,7.60E-01,7.41E-01,1.55E+00,1.77E+00,3.76E-01,1.66E+00,1.12E+00,9.13E-01,6.34E-01,5.82E-01,2.14E-01,1.33E+00,3.84E-01,4.72E-01,1.74E+00,9.09E-01,6.70E-01,1.14E+00,6.25E-01,1.69E+00,3.64E-01,7.93E-01,1.28E+00,7.26E-01,9.68E-01,1.25E+00,1.52E+00,7.39E-01,1.37E+00,5.16E-01,1.29E+00,1.47E+00,7.86E-01,1.29E+00,8.41E-01,5.68E-01,9.69E-01,1.07E+00,5.30E-01,5.83E-01,9.38E-01,1.89E+00,9.88E-01,8.95E-01,5.72E-01,8.00E-01,5.15E-01,1.30E+00,9.68E-02,1.24E-01,2.78E-02,3.39E-02,2.89E-02,2.30E-02,2.26E-02,1.14E-02,1.18E-02,4.52E-02,3.12E-02,1.77E-02,1.13E-01,1.07E-02,1.59E-02,9.21E-03,1.01E-02,1.06E-02,1.14E-02,1.43E-02,1.11E-02,1.88E-02,9.33E-03,1.33E-02,1.91E-02,3.38E-02,2.85E-02,1.02E-02,9.55E-03,1.27E-02,1.38E-02,9.74E-03,1.18E-02,1.54E-02,1.07E-02,2.77E-02,3.89E-02,2.18E-02,2.20E-02,1.08E-02,9.95E-03,1.93E-02,1.17E-02,2.73E-02,1.82E-02,1.76E-02,1.42E-02,1.33E-02,3.99E-02,1.95E-02,3.97E-02,2.96E-02,1.32E-02,1.10E-02,2.13E-02,1.13E-02,2.81E-02,1.18E-02,1.21E-02,1.28E-02,1.14E-02,2.04E-02,4.20E-02,1.15E-02,1.70E-02,2.22E-02,1.28E-02,1.71E-02,2.74E-02,2.96E-02,3.59E-02,1.89E-02,3.71E-02,3.29E-02,1.85E-02,1.01E-02,2.75E-02,1.43E-02,2.61E-02,2.18E-02,1.43E-02,1.63E-02,1.95E-02,3.16E-02,2.50E-02,2.54E-02,1.13E-02,1.92E-02,1.83E-02,2.05E-02,1.91E-02,1.46E-02,9.75E-03,2.68E-02,1.92E-02,1.10E-02,1.51E-02,2.13E-02,2.89E-02,1.68E-02,2.57E-02
Replicate20,380.9280499,-98.91641089,3.11E+00,2.05E-01,8.02E-01,2.21E+00,4.04E+00,2.93E+00,8.02E+00,7.65E+00,9.62E+00,7.73E+00,9.78E+00,8.28E+00,3.49E+00,3.13E+00,3.84E+00,1.56E+00,2.30E+00,2.79E+00,1.77E+00,2.17E+00,8.37E-01,1.55E+00,1.36E+00,1.94E+00,1.40E+00,1.84E+00,1.16E+00,1.96E+00,1.32E+00,5.55E-01,1.29E+00,9.22E-01,1.50E+00,7.01E-01,1.57E-01,1.16E+00,1.33E+00,7.15E-01,1.29E+00,7.51E-01,9.53E-01,3.48E-01,1.30E+00,7.94E-01,6.22E-01,4.04E-01,1.50E+00,2.91E-01,4.27E-01,2.74E-01,1.19E+00,5.45E-01,6.41E-01,1.00E+00,6.60E-01,7.01E-01,7.84E-01,2.39E-01,1.41E-01,3.40E-01,9.34E-01,5.41E-01,7.23E-01,4.26E-01,1.32E+00,2.52E-01,1.38E+00,9.24E-01,2.55E-01,1.51E+00,1.74E+00,7.55E-01,6.35E-01,8.82E-01,6.96E-01,1.38E+00,6.21E-01,6.73E-01,1.37E+00,1.60E+00,1.49E+00,1.27E+00,1.61E+00,1.67E+00,4.25E-01,6.55E-01,6.79E-01,9.86E-01,5.58E-01,7.46E-01,6.68E-01,1.75E+00,5.74E-01,1.30E+00,5.61E-01,1.85E+00,1.54E+00,1.91E+00,1.20E+00,2.23E-01,8.08E-02,2.36E-02,3.50E-02,1.38E-02,8.55E-02,1.78E-02,6.83E-02,4.90E-02,5.13E-02,2.18E-02,8.79E-02,1.07E-02,2.04E-02,1.95E-02,3.21E-02,9.13E-03,1.70E-02,2.56E-02,1.48E-02,2.30E-02,8.68E-03,1.90E-02,1.56E-02,1.33E-02,1.25E-02,1.87E-02,1.11E-02,1.60E-02,2.92E-02,1.28E-02,2.64E-02,1.03E-02,1.54E-02,1.55E-02,4.76E-02,9.01E-03,1.13E-02,1.65E-02,1.79E-02,9.84E-03,1.49E-02,1.41E-02,1.09E-02,2.20E-02,2.85E-02,1.99E-02,2.07E-02,2.01E-02,1.23E-02,2.76E-02,1.41E-02,2.47E-02,2.64E-02,2.67E-02,2.79E-02,2.50E-02,1.10E-02,3.38E-02,6.53E-02,4.23E-02,1.44E-02,1.84E-02,1.01E-02,1.16E-02,2.14E-02,4.58E-02,1.40E-02,2.78E-02,4.21E-02,1.38E-02,1.50E-02,1.68E-02,1.01E-02,2.08E-02,2.33E-02,1.73E-02,1.97E-02,1.07E-02,2.43E-02,2.45E-02,2.07E-02,2.77E-02,1.39E-02,1.10E-02,2.35E-02,2.31E-02,1.27E-02,1.95E-02,2.44E-02,1.96E-02,1.90E-02,1.11E-02,2.16E-02,1.74E-02,1.60E-02,2.52E-02,1.25E-02,2.32E-02,3.10E-02,2.46E-02
Replicate19,346.4575803,-101.0287117,4.49E+00,2.89E+00,6.84E-01,1.29E+00,1.06E+00,3.11E+00,2.10E+00,3.66E+00,5.59E+00,2.80E+00,5.43E+00,5.64E+00,3.45E+00,9.64E+00,5.72E+00,4.71E+00,4.01E+00,3.86E+00,3.59E+00,3.05E+00,1.78E+00,2.62E+00,1.50E+00,2.14E+00,2.35E+00,2.16E+00,2.52E+00,1.91E+00,1.69E+00,8.10E-01,6.06E-01,8.20E-01,4.09E-01,1.58E+00,5.21E-01,5.61E-01,1.06E+00,5.18E-01,1.69E+00,1.13E+00,1.80E+00,1.41E+00,7.57E-01,1.62E+00,4.03E-01,4.51E-01,7.81E-01,3.42E-01,3.74E-01,1.07E+00,3.60E-01,1.37E+00,4.01E-01,1.20E+00,2.72E-01,5.03E-01,3.60E-01,4.29E-01,3.78E-01,7.96E-01,7.63E-01,1.24E+00,4.33E-01,1.23E+00,3.31E-01,1.70E+00,5.43E-01,1.33E+00,1.61E+00,8.13E-01,8.03E-01,1.17E+00,5.62E-01,1.71E+00,4.99E-01,1.12E+00,1.31E+00,3.85E-01,1.10E+00,1.70E+00,4.98E-01,5.90E-01,9.48E-01,1.48E+00,1.75E+00,9.49E-01,7.68E-01,1.48E+00,5.23E-01,1.71E+00,1.57E+00,1.59E+00,1.49E+00,1.69E+00,8.57E-01,1.45E+00,1.24E+00,5.20E-01,1.57E+00,1.33E-01,5.78E-02,1.03E-02,1.02E-01,3.71E-02,9.01E-03,1.68E-02,1.26E-02,2.50E-02,5.23E-02,1.19E-02,3.97E-02,3.80E-02,1.57E-02,1.26E-01,5.69E-02,3.85E-02,9.51E-03,2.34E-02,1.58E-02,1.13E-02,1.06E-02,1.71E-02,9.04E-03,1.77E-02,1.21E-02,1.90E-02,3.22E-02,1.49E-02,2.22E-02,1.16E-02,2.86E-02,2.68E-02,1.79E-02,9.73E-03,1.44E-02,1.29E-02,1.55E-02,1.60E-02,1.37E-02,9.12E-03,8.87E-03,1.24E-02,1.82E-02,8.99E-03,3.19E-02,1.35E-02,9.19E-03,1.11E-02,1.27E-02,1.98E-02,1.40E-02,1.16E-02,2.19E-02,2.00E-02,2.95E-02,1.09E-02,2.86E-02,1.23E-02,1.58E-02,1.29E-02,1.03E-02,1.03E-02,1.07E-02,1.67E-02,2.50E-02,9.27E-03,1.75E-02,1.28E-02,1.72E-02,2.00E-02,1.29E-02,2.55E-02,2.93E-02,2.32E-02,1.54E-02,2.50E-02,1.34E-02,1.94E-02,1.91E-02,1.42E-02,1.88E-02,9.86E-03,1.24E-02,2.13E-02,1.21E-02,1.54E-02,1.12E-02,1.97E-02,1.49E-02,9.03E-03,1.34E-02,1.75E-02,1.65E-02,9.89E-03,1.18E-02,2.14E-02,2.71E-02,1.33E-02,2.19E-02,1.05E-02
Replicate18,437.3608636,-92.35483407,1.71E+00,9.41E+00,1.97E-01,1.43E+00,5.46E+00,4.72E+00,9.92E+00,2.65E+00,3.07E+00,2.45E+00,4.65E+00,2.66E+00,7.40E+00,3.92E+00,3.18E+00,6.69E+00,3.73E+00,2.97E+00,3.10E+00,2.67E+00,1.53E+00,2.08E+00,1.79E+00,1.71E+00,2.25E+00,2.07E+00,1.86E+00,1.27E+00,1.83E+00,3.79E-01,4.19E-01,3.13E-01,7.40E-01,8.31E-01,1.35E-01,1.55E+00,7.04E-01,1.30E+00,1.67E+00,3.87E-02,1.34E+00,8.01E-01,3.60E-01,1.40E+00,6.06E-01,3.71E-01,5.35E-01,1.27E-01,4.72E-01,5.21E-01,3.19E-01,9.05E-01,1.01E+00,8.32E-01,4.72E-01,1.09E+00,4.19E-01,1.01E+00,1.42E+00,1.30E+00,1.34E+00,7.68E-01,6.96E-01,8.20E-01,1.50E+00,6.52E-01,4.73E-01,4.09E-01,4.30E-01,8.30E-01,7.31E-01,1.70E+00,5.85E-01,5.03E-01,1.38E+00,5.00E-01,7.64E-01,7.58E-01,5.64E-01,1.44E+00,1.70E+00,1.25E+00,7.39E-01,7.36E-01,1.47E+00,8.93E-01,1.49E+00,4.74E-01,1.92E+00,6.99E-01,9.68E-01,8.70E-01,1.44E+00,7.37E-01,1.05E+00,4.65E-01,1.59E+00,1.14E+00,1.18E+00,1.81E-01,2.15E-03,5.69E-02,3.94E-02,1.80E-02,2.26E-01,5.53E-02,9.68E-02,7.18E-03,7.87E-03,5.98E-03,2.40E-02,7.21E-03,3.26E-02,1.51E-02,1.45E-02,7.30E-02,2.47E-02,1.97E-02,2.20E-02,2.04E-02,9.24E-03,1.54E-02,1.66E-02,1.60E-02,3.03E-02,2.46E-02,1.18E-02,3.06E-02,2.55E-02,1.42E-02,1.08E-02,2.98E-02,2.56E-02,1.92E-02,4.23E-02,1.63E-02,1.51E-02,1.77E-02,1.22E-02,1.23E-01,1.83E-02,1.74E-02,1.99E-02,1.01E-02,9.81E-03,2.18E-02,2.67E-02,5.24E-02,2.89E-02,1.53E-02,2.10E-02,1.07E-02,2.66E-02,1.06E-02,2.40E-02,2.58E-02,1.07E-02,2.44E-02,1.62E-02,1.22E-02,9.41E-03,2.54E-02,1.92E-02,1.93E-02,1.64E-02,1.27E-02,2.02E-02,1.32E-02,1.05E-02,2.07E-02,1.64E-02,2.32E-02,1.76E-02,1.24E-02,1.01E-02,1.49E-02,1.48E-02,2.53E-02,2.08E-02,2.69E-02,1.80E-02,1.07E-02,1.04E-02,2.45E-02,1.07E-02,1.20E-02,1.43E-02,3.15E-02,1.41E-02,2.14E-02,1.23E-02,1.83E-02,2.43E-02,1.59E-02,2.09E-02,2.88E-02,1.02E-02,1.08E-02,1.18E-02,1.48E-02
Replicate17,400.143431,-116.9956836,1.40548054,5.93446525,1.52991068,2.18199856,2.04752133,1.14004268,1.76494888,1.17575325,1.81881745,0.80684289,1.46553335,0.77129266,1.06583372,1.3984073,0.5912228,0.68737784,0.59554706,0.62131035,0.48160986,1.08271395,0.97650114,0.65521497,0.64490652,0.68690475,0.68337381,0.67391027,1.77580559,1.85179098,1.18556717,0.60380515,0.39920139,0.92228736,1.84122842,0.42267676,0.58458961,0.41017278,0.55816104,0.80520678,1.26992846,0.98654869,0.33929252,0.65785268,1.62592648,0.87206296,0.53920067,0.81981973,0.58420948,0.63665216,0.67944257,1.91076532,0.64328671,0.52017255,0.90924182,0.77589165,1.28021079,0.63353205,1.10107977,0.46936719,0.62848383,1.72868454,0.69836258,0.66934228,0.48760065,1.17395008,0.44394287,1.01442083,0.89588344,0.57246418,0.68452059,1.37202747,1.06013826,1.48719816,1.10877445,1.41627979,1.45656857,1.15571112,0.75748968,1.31181513,1.83133601,1.48923556,0.93125831,0.53372306,0.98050948,1.44319399,1.65531661,1.35578635,0.53948245,1.35524769,1.55804996,0.72186368,0.97950158,1.39233876,0.76397102,1.06228248,0.91605329,0.49484201,1.54314023,0.77282639,0.9636244,0.1776087,0.24301696,0.0319023,0.01355037,0.03886011,0.03974018,0.02028818,0.04890538,0.0175788,0.02663525,0.01619758,0.05231828,0.02693825,0.02379945,0.03578808,0.03013231,0.02771673,0.01088549,0.0122237,0.01738459,0.03524302,0.01764868,0.01141754,0.0174341,0.03373458,0.0208436,0.03427648,0.01300358,0.01192896,0.0226223,0.01103236,0.03208294,0.03093527,0.01056224,0.0325487,0.02904599,0.04066795,0.01920735,0.03552388,0.01004035,0.01730579,0.04046442,0.01250069,0.0127519,0.01127343,0.01227948,0.03559338,0.01562856,0.03533467,0.03294817,0.01513469,0.01523145,0.02517046,0.01128397,0.02773264,0.01984394,0.01386815,0.01145831,0.02687839,0.01886274,0.03096109,0.02828996,0.0358157,0.01948379,0.01541766,0.02750677,0.01500494,0.01232238,0.01186808,0.0133052,0.02487015,0.02083864,0.03537601,0.01150541,0.02526669,0.03671921,0.01082669,0.03413459,0.01162018,0.01385133,0.02043902,0.02594288,0.02672689,0.03176096,0.02371221,0.01373594,0.02542581,0.02684965,0.03174198,0.01978912,0.01066156,0.01506537,0.03574253,0.01337895,0.02174125,0.0109197,0.01567904,0.02830712,0.02379194,0.03431577,0.02079987
Replicate16,397.5194768,-107.4605489,3.75537632,0.45656958,0.48926618,0.56547884,0.81131721,1.99708793,1.11764086,1.23645855,3.03268443,9.83102816,3.08509311,6.97661321,1.68444095,1.81802095,1.89580536,4.74890881,2.96310663,2.23087688,2.83130902,1.51676968,1.37660874,0.94853284,1.26252074,0.80016776,0.41431233,0.43479584,0.61356095,0.79657432,0.4919254,0.69625671,1.27672704,0.45114672,1.3537723,1.24136137,0.67853111,1.24420588,1.39875799,1.78506183,0.61601985,1.17875637,0.29439851,0.41792365,0.22568176,1.58130021,0.891324,0.88063007,0.54572735,1.43192873,0.88089508,1.41209807,0.36608046,0.86220698,0.58762959,0.51504191,1.74210059,0.33417006,0.79238654,0.54056646,0.39095524,0.71867515,1.06757154,1.56774893,0.79890592,0.5870219,0.40476166,0.91992887,0.7365587,0.60850429,0.57571037,1.1723512,0.62735048,1.76249493,0.48253394,1.29758183,1.79825533,1.56618581,1.36878807,1.1886852,1.36607109,1.6093374,0.88188943,1.24825397,1.53745553,0.53731794,1.71903695,1.89256813,1.30181573,0.7489831,1.07295882,0.4848495,0.84076158,0.48360592,1.69261564,0.44225478,1.80577353,0.91016467,1.29665752,0.99167079,1.2880092,0.09307068,0.08969298,0.02691817,0.02967334,0.03446576,0.01745881,0.03175757,0.01420215,0.01083801,0.04631476,0.05272147,0.02560796,0.04056508,0.01043446,0.01152936,0.01201932,0.11548751,0.02682335,0.02379623,0.05306973,0.01381366,0.03621929,0.03936556,0.01323365,0.01730078,0.0284577,0.03742519,0.02426905,0.01556447,0.02639368,0.02938641,0.01353444,0.03047572,0.01331794,0.01669038,0.01534121,0.02733566,0.01164783,0.01443245,0.01324192,0.01028528,0.0404218,0.01988051,0.04454894,0.01503089,0.01291931,0.01230775,0.02159241,0.01736978,0.02056489,0.02061587,0.02743551,0.01273347,0.02698341,0.01867717,0.00993103,0.04150032,0.02433069,0.01914133,0.01646416,0.01687985,0.03136364,0.0208332,0.01731505,0.01824112,0.02038062,0.0135982,0.01123824,0.01849319,0.01175846,0.01180737,0.01653737,0.01884852,0.02596575,0.01541263,0.01342105,0.03067699,0.01645627,0.0129821,0.00998584,0.01775802,0.01569722,0.03000061,0.01110137,0.01702828,0.01322478,0.01381423,0.02654059,0.01617192,0.01303658,0.02984212,0.02947643,0.01619133,0.021063,0.02387104,0.01762447,0.03594763,0.02446464,0.01626007,0.01847358,0.01622183
Replicate15,400.2815265,-119.430887,1.41505759,2.56242392,2.00138696,1.38316843,2.32777307,0.92228465,1.00754912,0.88582658,2.48075627,0.85603972,1.54216487,1.88816226,1.29566004,1.6112826,0.71746689,1.85741952,1.33001372,1.15235535,0.57259506,0.61526042,0.65610869,0.84214647,0.63619609,1.00838763,0.49782533,1.30675105,1.26775255,0.40975992,1.18027916,1.1677047,1.06629912,0.83932184,0.32593113,1.15302926,1.20776023,0.45797663,0.47478229,0.82623845,0.70101754,0.89532049,0.61362633,0.41481727,0.81648182,0.53342684,1.14013623,0.77686383,1.6859702,1.72888561,1.16326923,0.71654056,1.65804986,0.9688605,0.60856541,1.70251563,1.90095817,0.95795981,0.57228201,0.73623256,0.39819025,1.08092001,0.79320177,0.79040357,0.7818874,0.81500348,0.52136431,1.1145074,0.73966402,0.71115076,0.60698843,1.50972037,1.43603978,1.10502887,1.01875725,1.34197203,0.55713614,1.03965792,0.85138532,1.41218113,0.47593904,0.64679251,1.77579442,0.50183496,1.12627097,0.86481977,0.78418668,0.57227714,0.52133179,1.89948957,1.65843299,1.29727317,1.29024504,0.64774404,0.72522488,1.74882909,1.30658004,1.60108437,1.13750792,0.53873897,0.76102708,0.71201298,0.24436138,0.01679631,0.04798245,0.01864215,0.01586997,0.0140936,0.01651424,0.01052603,0.03959915,0.01430142,0.01755718,0.01565668,0.0162053,0.03239843,0.02369474,0.01208358,0.01528859,0.03934192,0.03771032,0.03660893,0.0374634,0.02226569,0.01629844,0.01483178,0.02155925,0.02588928,0.01105148,0.0314079,0.01943421,0.0161641,0.01618324,0.02225088,0.04450859,0.02367467,0.01913609,0.0154573,0.02493365,0.03546841,0.01638573,0.02461381,0.02592716,0.02376321,0.01664128,0.03862303,0.02157329,0.03488263,0.0311287,0.02955188,0.01607079,0.03164692,0.01973236,0.01060652,0.01560447,0.01069815,0.02221398,0.03162262,0.04113709,0.02015209,0.04332041,0.03162774,0.01216064,0.02441513,0.03522366,0.01149398,0.02006598,0.03562606,0.02292581,0.01650129,0.03386133,0.02998354,0.03355118,0.01345169,0.02735464,0.01642964,0.02953731,0.01550765,0.03046893,0.0099719,0.03365243,0.02228443,0.0146279,0.01028975,0.01157256,0.0136278,0.01716939,0.01391979,0.01517723,0.01710731,0.0250365,0.02808894,0.0188603,0.01109769,0.01423515,0.03655053,0.02483173,0.02850177,0.0161113,0.01476546,0.01198563,0.03413492
Replicate14,335.6438145,-102.4239071,9.66E+00,8.42E-01,2.52E-01,3.46E+00,9.77E-01,2.24E+00,6.87E+00,2.67E+00,1.91E+00,5.42E+00,2.24E+00,3.46E+00,2.45E+00,2.11E+00,1.50E+00,1.59E+00,2.40E+00,2.64E+00,2.47E+00,1.29E+00,1.23E+00,6.61E-01,1.69E+00,1.29E+00,4.49E-01,5.22E-01,4.13E-01,1.31E+00,2.49E-01,1.07E+00,8.01E-01,6.42E-01,3.21E-01,6.30E-01,3.25E-01,5.43E-01,1.54E+00,7.31E-01,5.43E-01,1.34E+00,1.64E+00,4.51E-01,4.73E-01,6.70E-01,5.85E-01,8.23E-01,1.23E+00,9.22E-01,1.15E+00,1.26E+00,6.77E-01,1.57E+00,3.83E-01,5.02E-01,6.09E-01,1.03E+00,1.46E+00,1.65E+00,1.74E+00,1.22E+00,9.82E-01,1.16E+00,1.53E+00,4.37E-01,4.79E-01,4.70E-01,1.36E+00,6.44E-01,6.36E-01,6.18E-01,8.04E-01,9.81E-01,1.55E+00,3.65E-01,1.29E+00,1.49E+00,1.65E+00,4.97E-01,6.99E-01,6.76E-01,6.00E-01,1.17E+00,1.89E+00,1.12E+00,7.99E-01,6.78E-01,8.36E-01,6.48E-01,6.65E-01,1.15E+00,6.91E-01,1.10E+00,6.21E-01,9.57E-01,6.04E-01,6.73E-01,9.58E-01,9.37E-01,8.27E-01,4.89E-01,6.72E-02,4.09E-02,3.17E-02,1.56E-01,9.70E-03,2.75E-02,2.42E-01,2.19E-02,1.07E-02,8.84E-02,1.27E-02,2.40E-02,1.69E-02,1.51E-02,1.01E-02,1.17E-02,2.37E-02,3.66E-02,3.47E-02,2.26E-02,1.31E-02,1.06E-02,2.08E-02,2.58E-02,3.74E-02,2.18E-02,1.43E-02,1.69E-02,3.48E-02,1.52E-02,1.60E-02,2.84E-02,3.01E-02,1.94E-02,2.35E-02,2.32E-02,1.86E-02,3.06E-02,1.72E-02,1.20E-02,1.14E-02,3.45E-02,1.22E-02,2.28E-02,1.06E-02,2.69E-02,2.26E-02,1.44E-02,2.57E-02,1.49E-02,2.42E-02,1.43E-02,2.05E-02,2.14E-02,1.38E-02,2.08E-02,1.07E-02,1.21E-02,1.29E-02,1.46E-02,1.19E-02,1.35E-02,1.66E-02,1.41E-02,1.35E-02,2.35E-02,1.31E-02,2.76E-02,1.00E-02,3.02E-02,3.02E-02,1.73E-02,9.48E-03,3.22E-02,1.07E-02,9.53E-03,1.23E-02,3.66E-02,1.36E-02,2.74E-02,3.09E-02,1.69E-02,2.14E-02,2.42E-02,3.29E-02,2.18E-02,1.12E-02,1.81E-02,2.84E-02,1.66E-02,1.91E-02,2.63E-02,2.28E-02,2.17E-02,2.27E-02,1.25E-02,2.96E-02,2.76E-02,1.64E-02,2.72E-02
Replicate13,531.0938747,-94.65256357,6.09E+00,1.53E+00,1.45E-01,1.60E-01,2.99E+00,5.94E+00,3.67E+00,2.48E+00,3.59E+00,9.77E+00,6.18E+00,6.88E+00,9.66E+00,9.76E+00,2.03E+00,4.49E+00,2.40E+00,2.10E+00,1.23E+00,6.63E-01,1.61E+00,7.85E-01,5.99E-01,3.76E-01,1.08E+00,5.30E-01,4.60E-01,4.01E-01,8.68E-01,7.74E-01,9.72E-01,4.95E-02,1.71E+00,5.18E-01,9.12E-02,4.74E-01,7.39E-01,1.42E+00,1.13E+00,1.23E+00,8.88E-01,5.67E-01,1.70E+00,1.21E+00,1.46E+00,8.78E-02,3.54E-01,1.43E+00,1.39E+00,1.02E+00,3.28E-01,8.86E-01,9.54E-01,4.26E-01,8.12E-01,3.38E-01,1.42E+00,1.04E+00,9.96E-01,5.21E-01,9.05E-01,1.42E+00,7.77E-01,1.21E+00,6.61E-01,7.08E-01,1.06E+00,7.53E-01,8.81E-01,1.10E+00,1.70E+00,7.66E-01,1.72E+00,4.69E-01,7.06E-01,3.95E-01,8.13E-01,4.97E-01,9.40E-01,6.89E-01,6.53E-01,8.37E-01,1.02E+00,6.36E-01,8.61E-01,1.15E+00,8.91E-01,7.04E-01,7.16E-01,1.21E+00,1.27E+00,9.54E-01,1.02E+00,1.46E+00,6.08E-01,1.24E+00,7.11E-01,5.37E-01,1.72E+00,3.78E-01,2.14E-02,2.45E-02,1.18E-02,1.61E-02,1.64E-01,9.30E-02,2.49E-02,1.05E-02,2.12E-02,6.44E-02,2.13E-02,5.02E-02,3.75E-02,3.82E-02,1.31E-02,1.66E-02,2.05E-02,2.95E-02,2.00E-02,9.35E-03,2.05E-02,2.16E-02,2.40E-02,1.87E-02,2.04E-02,1.20E-02,2.20E-02,1.53E-02,9.49E-03,9.69E-03,1.45E-02,9.34E-02,9.20E-03,2.19E-02,8.21E-02,2.77E-02,1.31E-02,1.05E-02,1.82E-02,1.39E-02,2.18E-02,2.19E-02,1.19E-02,1.18E-02,1.99E-02,6.92E-02,1.48E-02,1.30E-02,2.45E-02,9.21E-03,2.03E-02,2.16E-02,2.08E-02,1.11E-02,1.78E-02,1.54E-02,1.82E-02,2.71E-02,1.87E-02,1.23E-02,2.78E-02,9.68E-03,1.26E-02,1.46E-02,2.21E-02,2.13E-02,2.59E-02,1.57E-02,2.17E-02,1.39E-02,2.24E-02,1.03E-02,1.66E-02,1.81E-02,2.53E-02,1.90E-02,1.65E-02,2.84E-02,1.64E-02,1.75E-02,2.51E-02,1.53E-02,2.13E-02,2.12E-02,3.09E-02,2.22E-02,1.20E-02,1.71E-02,2.98E-02,1.31E-02,2.94E-02,2.75E-02,2.18E-02,2.98E-02,2.81E-02,1.37E-02,2.06E-02,2.27E-02,1.42E-02,1.23E-02
Replicate12,414.1194304,-104.9025164,1.52E+00,9.39E+00,2.77E+00,1.46E+00,2.17E-01,8.39E-01,2.31E+00,1.47E+00,2.77E+00,3.23E+00,4.47E+00,3.73E+00,4.62E+00,1.96E+00,6.33E+00,2.48E+00,2.43E+00,3.60E+00,2.56E+00,2.24E+00,2.16E+00,1.74E+00,1.19E+00,1.23E+00,2.22E+00,1.35E+00,1.28E+00,1.14E+00,1.69E+00,1.53E+00,1.43E+00,1.33E+00,1.29E+00,1.31E+00,6.47E-01,9.36E-01,3.79E-01,8.71E-02,7.37E-01,6.61E-01,5.97E-01,6.16E-01,4.19E-01,7.52E-01,1.45E+00,1.12E+00,4.25E-01,5.50E-01,4.39E-01,5.52E-01,4.87E-01,1.19E+00,1.64E+00,1.11E+00,4.84E-01,4.67E-01,1.26E+00,1.50E+00,1.74E+00,8.14E-01,5.64E-01,5.27E-01,9.59E-01,4.30E-01,6.49E-01,7.68E-01,7.96E-01,1.22E+00,4.36E-01,7.30E-01,4.73E-01,6.22E-01,1.32E+00,1.71E+00,1.77E+00,7.57E-01,1.60E+00,5.96E-01,4.27E-01,1.47E+00,9.44E-01,4.90E-01,1.93E+00,1.13E+00,1.81E+00,8.61E-01,1.50E+00,6.98E-01,6.65E-01,1.09E+00,1.78E+00,1.40E+00,1.68E+00,5.13E-01,1.01E+00,1.79E+00,7.10E-01,1.48E+00,1.03E+00,3.03E-01,1.46E-02,6.72E-02,2.06E-02,8.66E-03,2.78E-02,4.49E-02,4.94E-02,1.88E-02,4.28E-02,3.04E-02,5.62E-02,3.22E-02,4.88E-02,1.01E-02,6.29E-02,1.32E-02,1.48E-02,3.95E-02,1.65E-02,1.03E-02,1.19E-02,1.28E-02,1.02E-02,1.09E-02,3.28E-02,2.31E-02,2.60E-02,1.66E-02,2.39E-02,2.35E-02,1.94E-02,3.01E-02,1.45E-02,1.65E-02,2.43E-02,2.24E-02,1.54E-02,1.02E-01,1.04E-02,2.02E-02,2.67E-02,3.20E-02,1.31E-02,1.76E-02,2.02E-02,1.75E-02,3.11E-02,2.02E-02,3.31E-02,3.16E-02,1.06E-02,1.88E-02,2.51E-02,1.42E-02,1.18E-02,1.69E-02,2.98E-02,1.18E-02,1.31E-02,1.28E-02,2.16E-02,2.19E-02,1.16E-02,2.33E-02,2.98E-02,1.34E-02,2.68E-02,1.63E-02,4.00E-02,3.40E-02,1.87E-02,3.47E-02,1.63E-02,2.09E-02,1.27E-02,1.06E-02,2.51E-02,3.05E-02,2.31E-02,1.22E-02,1.46E-02,3.02E-02,1.00E-02,1.11E-02,2.52E-02,1.39E-02,2.43E-02,1.36E-02,1.11E-02,1.09E-02,1.26E-02,1.31E-02,2.31E-02,2.18E-02,1.16E-02,1.29E-02,3.41E-02,3.07E-02,3.16E-02,1.05E-02
Replicate11,352.7228468,-121.0953784,1.17808049,9.42000918,0.66371388,1.16723868,1.44345937,2.84987166,2.16695695,1.28339056,1.73363774,2.40796398,1.82854186,1.78762335,1.77986427,1.58380077,2.08101582,1.45124756,1.71441107,1.03388011,0.63599176,1.70457169,1.41489882,1.88701757,0.68229225,1.57814934,0.86001216,1.8079172,0.49880037,0.41419222,0.56953083,0.86276947,0.91568621,0.83281217,1.57345173,1.00437115,1.00635473,1.63269316,0.86266115,1.03008401,1.21792479,1.56509127,0.34299972,0.31269175,1.29625812,0.34516249,1.2825589,0.42042629,0.81167651,1.38568755,0.66685084,0.7273627,1.76882865,0.31562403,1.1551171,0.44466191,0.96730734,0.67891664,0.47428926,0.43334667,0.57854122,1.85953426,1.4999356,1.63737925,1.15391799,0.6102779,0.78622226,1.46957055,1.0862551,0.87523685,1.2243599,1.07544118,1.0889309,0.54529526,1.41301056,1.32683882,0.43189044,0.70261129,1.18677872,0.74914413,1.68752017,1.67924557,1.65015897,0.94600956,0.69754443,1.38885249,1.40313224,0.74029189,1.6643065,0.60896362,1.58757307,1.86443972,0.73830626,1.68697996,1.21165115,0.76591018,1.83622119,0.50771515,1.73028224,1.0900528,1.64755538,1.2414451,0.04769243,0.09614654,0.0273339,0.02487359,0.02031611,0.03521189,0.01340962,0.01102666,0.01825812,0.02707789,0.01294823,0.01437496,0.02592307,0.02487156,0.03970614,0.01814755,0.01989984,0.01281571,0.01705563,0.01279745,0.01142992,0.01697626,0.02039473,0.01448654,0.03049886,0.01545434,0.01522997,0.0174519,0.02324721,0.0133626,0.01634648,0.02406678,0.0160677,0.01151095,0.01896417,0.02496087,0.0103953,0.02511323,0.0146157,0.01341236,0.02844414,0.0355821,0.03041026,0.02420561,0.01433475,0.0166511,0.02118476,0.02267614,0.03030579,0.01359871,0.01872964,0.0440888,0.02232572,0.01324456,0.01176316,0.01993082,0.03646402,0.04255136,0.01182705,0.02929392,0.0281683,0.03183385,0.0266768,0.01085099,0.01661342,0.01208473,0.02797457,0.0289721,0.0287352,0.01699638,0.0164715,0.01002381,0.01874043,0.01081822,0.03479947,0.01471139,0.01171408,0.0352239,0.02261103,0.01758996,0.01235898,0.01069406,0.01871132,0.01281687,0.01174732,0.01083142,0.02681289,0.02511044,0.01351058,0.03517797,0.0105674,0.01095796,0.02319787,0.03654094,0.03049867,0.01846607,0.03272294,0.03417726,0.0116254,0.02121428
Replicate10,401.6214637,-102.6768169,9.43E+00,6.79E-01,1.09E+00,5.71E-01,4.63E-01,2.81E+00,3.31E+00,1.90E+00,9.96E+00,2.68E+00,2.28E+00,4.30E+00,2.31E+00,2.92E+00,2.67E+00,5.46E+00,2.01E+00,2.22E+00,4.05E+00,1.81E+00,2.07E+00,1.47E+00,8.58E-01,1.08E+00,1.30E+00,1.68E+00,1.24E+00,5.51E-01,4.73E-01,1.28E+00,1.48E+00,2.29E-01,1.43E+00,3.59E-01,1.22E+00,6.39E-01,1.64E+00,8.02E-01,2.14E-01,3.62E-01,1.30E+00,3.92E-01,6.07E-01,9.23E-01,1.70E+00,1.11E+00,3.84E-01,9.50E-01,4.55E-01,1.56E+00,1.04E+00,5.33E-01,5.42E-01,3.78E-01,7.64E-01,1.28E+00,4.65E-01,3.09E-01,3.49E-01,8.83E-01,8.01E-01,8.62E-01,1.02E+00,4.29E-01,4.90E-01,7.20E-01,1.21E+00,3.29E-01,1.02E+00,8.71E-01,8.20E-01,5.58E-01,9.55E-01,4.83E-01,9.25E-01,8.70E-01,4.55E-01,1.26E+00,7.77E-01,8.12E-01,6.44E-01,1.06E+00,1.65E+00,6.17E-01,1.06E+00,6.48E-01,6.27E-01,1.46E+00,1.07E+00,7.01E-01,9.75E-01,1.13E+00,1.11E+00,5.26E-01,1.02E+00,8.35E-01,5.99E-01,5.73E-01,7.26E-01,1.72E-01,4.88E-02,3.17E-02,1.49E-02,1.05E-02,4.28E-02,9.00E-02,3.19E-02,1.03E-02,2.15E-02,1.19E-02,1.08E-02,4.91E-02,8.15E-03,1.58E-02,1.66E-02,4.20E-02,1.46E-02,1.96E-02,8.51E-02,2.42E-02,3.91E-02,3.09E-02,2.68E-02,1.43E-02,1.27E-02,9.97E-03,1.40E-02,2.39E-02,1.48E-02,1.90E-02,1.59E-02,3.71E-02,1.04E-02,1.49E-02,1.82E-02,2.43E-02,2.02E-02,1.35E-02,4.43E-02,2.65E-02,1.01E-02,1.57E-02,2.24E-02,1.54E-02,1.36E-02,1.34E-02,1.71E-02,1.36E-02,2.34E-02,2.36E-02,1.29E-02,1.32E-02,1.41E-02,3.64E-02,2.27E-02,1.65E-02,2.50E-02,2.52E-02,4.29E-02,2.39E-02,1.70E-02,1.86E-02,1.75E-02,1.69E-02,1.09E-02,1.09E-02,1.30E-02,3.37E-02,2.27E-02,2.11E-02,1.02E-02,1.39E-02,1.05E-02,1.77E-02,1.15E-02,1.72E-02,1.36E-02,1.91E-02,1.61E-02,1.45E-02,2.20E-02,1.91E-02,2.03E-02,2.73E-02,1.50E-02,2.18E-02,1.60E-02,2.59E-02,2.21E-02,1.00E-02,2.39E-02,2.92E-02,1.41E-02,1.48E-02,2.17E-02,3.24E-02,1.03E-02,1.14E-02,2.78E-02,3.39E-02
Replicate9,383.4432777,-98.86889524,2.60E+00,2.45E-01,1.52E+00,4.42E-01,6.22E-01,4.32E+00,2.64E+00,3.15E+00,4.80E+00,2.75E+00,2.15E+00,7.94E+00,9.70E+00,5.04E+00,8.39E+00,4.05E+00,5.82E+00,1.87E+00,3.05E+00,3.49E+00,1.42E+00,1.93E+00,2.19E+00,1.40E+00,1.98E+00,1.13E+00,1.09E+00,1.08E+00,1.06E+00,1.37E+00,5.65E-01,1.24E+00,3.48E-01,8.45E-01,1.31E+00,1.59E+00,1.19E+00,9.96E-01,1.31E+00,5.11E-01,7.99E-01,1.25E-01,2.46E-01,5.55E-01,6.13E-01,1.66E+00,7.67E-01,9.82E-02,5.24E-01,4.12E-01,2.24E-01,1.28E+00,4.14E-01,3.69E-01,1.04E+00,3.58E-01,1.38E+00,1.71E+00,1.61E+00,9.80E-01,8.37E-01,5.29E-01,1.42E+00,1.20E+00,4.22E-01,1.61E+00,5.08E-01,1.34E+00,1.75E+00,7.66E-01,1.59E+00,7.11E-01,5.18E-01,1.44E+00,1.27E+00,4.25E-01,4.70E-01,9.35E-01,1.39E+00,1.43E+00,7.23E-01,4.66E-01,1.28E+00,1.12E+00,6.18E-01,4.09E-01,1.33E+00,1.11E+00,6.85E-01,5.39E-01,5.75E-01,6.23E-01,1.35E+00,1.77E+00,1.81E+00,9.62E-01,6.55E-01,1.45E+00,8.47E-01,7.74E-02,9.65E-02,2.04E-02,1.05E-02,2.58E-02,3.42E-02,6.39E-02,1.34E-02,1.75E-02,1.70E-02,8.96E-03,7.22E-03,5.51E-02,1.24E-01,2.80E-02,1.20E-01,3.24E-02,7.43E-02,1.08E-02,2.85E-02,4.80E-02,1.25E-02,1.80E-02,1.86E-02,2.13E-02,1.13E-02,1.35E-02,1.07E-02,1.19E-02,1.76E-02,1.88E-02,1.61E-02,1.96E-02,2.68E-02,2.25E-02,2.27E-02,1.41E-02,1.23E-02,1.19E-02,2.05E-02,2.14E-02,2.99E-02,6.40E-02,3.63E-02,1.26E-02,1.08E-02,1.29E-02,1.66E-02,9.21E-02,3.45E-02,1.89E-02,4.09E-02,2.68E-02,1.22E-02,3.25E-02,1.24E-02,2.81E-02,1.79E-02,1.41E-02,1.86E-02,2.23E-02,2.18E-02,2.18E-02,2.29E-02,1.64E-02,1.10E-02,2.79E-02,2.09E-02,1.32E-02,1.39E-02,3.29E-02,1.85E-02,1.13E-02,1.17E-02,1.55E-02,2.70E-02,2.01E-02,2.67E-02,1.48E-02,1.04E-02,2.36E-02,1.64E-02,2.98E-02,2.40E-02,1.39E-02,3.30E-02,3.31E-02,1.59E-02,2.05E-02,3.33E-02,1.72E-02,3.07E-02,3.13E-02,1.67E-02,1.80E-02,9.98E-03,2.39E-02,1.90E-02,1.96E-02,2.41E-02,3.41E-02
Replicate8,417.0276288,-103.384789,2.31E+00,4.32E-01,3.36E-01,4.83E-01,2.28E+00,3.36E+00,3.25E+00,9.80E+00,6.49E+00,6.49E+00,3.68E+00,3.21E+00,4.13E+00,2.47E+00,8.47E+00,2.16E+00,2.46E+00,3.19E+00,4.27E+00,1.61E+00,1.29E+00,3.27E+00,1.06E+00,1.32E+00,1.92E+00,9.80E-01,1.86E+00,1.01E+00,1.50E+00,1.29E+00,1.49E+00,3.30E-01,9.59E-01,1.61E+00,5.70E-01,3.57E-01,3.72E-01,6.58E-01,2.21E-01,9.10E-01,9.92E-01,5.40E-01,1.52E+00,1.64E+00,1.20E+00,9.04E-01,6.40E-01,6.51E-02,7.55E-01,1.63E+00,1.75E+00,2.51E-01,1.42E+00,5.36E-01,6.38E-01,9.24E-01,2.38E-01,8.68E-01,9.09E-01,1.24E+00,1.12E+00,3.48E-01,1.02E+00,4.94E-01,7.16E-01,6.76E-01,1.18E+00,1.60E+00,5.60E-01,5.01E-01,9.69E-01,6.27E-01,1.57E+00,7.13E-01,1.43E+00,7.55E-01,1.32E+00,4.81E-01,7.18E-01,4.57E-01,1.69E+00,1.04E+00,1.51E+00,1.61E+00,1.86E+00,1.54E+00,1.92E+00,5.03E-01,1.50E+00,8.58E-01,1.17E+00,1.00E+00,4.95E-01,1.14E+00,1.45E+00,1.58E+00,1.61E+00,6.09E-01,8.50E-01,2.09E-01,5.19E-02,1.13E-02,1.27E-02,6.00E-02,1.61E-02,3.53E-02,2.32E-02,9.85E-02,1.86E-02,6.12E-02,1.07E-02,1.63E-02,2.73E-02,1.16E-02,1.36E-01,1.14E-02,1.54E-02,2.35E-02,5.94E-02,1.09E-02,9.33E-03,5.01E-02,1.21E-02,1.66E-02,3.09E-02,9.86E-03,1.81E-02,2.44E-02,9.29E-03,2.07E-02,2.45E-02,3.39E-02,1.97E-02,8.92E-03,3.29E-02,2.27E-02,2.79E-02,1.61E-02,3.47E-02,1.51E-02,2.12E-02,1.17E-02,1.19E-02,1.75E-02,1.45E-02,1.65E-02,2.32E-02,1.04E-01,2.68E-02,1.23E-02,1.05E-02,3.21E-02,2.59E-02,1.72E-02,1.18E-02,2.03E-02,3.77E-02,1.63E-02,2.87E-02,2.48E-02,2.69E-02,2.21E-02,2.05E-02,3.44E-02,1.84E-02,1.74E-02,2.02E-02,1.29E-02,1.23E-02,3.37E-02,1.11E-02,2.50E-02,2.76E-02,3.38E-02,3.12E-02,1.66E-02,2.34E-02,3.39E-02,2.96E-02,1.15E-02,1.00E-02,1.07E-02,1.54E-02,2.98E-02,1.90E-02,2.14E-02,1.02E-02,1.75E-02,1.45E-02,1.61E-02,9.98E-03,1.05E-02,1.99E-02,1.03E-02,1.13E-02,1.47E-02,2.02E-02,3.13E-02,3.11E-02,3.69E-02
Replicate7,416.7097171,-94.20716229,8.28E+00,1.01E-01,7.39E-01,6.65E-01,1.15E+00,1.31E+00,2.35E+00,2.29E+00,2.37E+00,2.84E+00,2.24E+00,6.11E+00,9.87E+00,4.58E+00,3.80E+00,3.76E+00,5.62E+00,8.31E+00,2.74E+00,3.10E+00,4.33E+00,3.03E+00,4.23E+00,3.36E+00,2.47E+00,2.49E+00,1.91E+00,3.39E+00,2.23E+00,1.66E+00,2.15E+00,2.29E+00,1.40E+00,1.18E+00,1.15E+00,5.76E-01,1.01E+00,3.99E-01,5.60E-01,1.42E+00,9.42E-01,1.24E+00,9.14E-02,8.65E-01,9.11E-02,1.27E+00,5.80E-01,1.42E+00,1.59E+00,2.12E-01,3.23E-01,1.58E+00,5.09E-01,1.80E-01,4.55E-01,4.70E-01,6.99E-01,3.56E-01,1.44E+00,9.64E-01,3.86E-01,9.31E-01,1.82E+00,6.86E-01,5.40E-01,4.46E-01,4.56E-01,9.98E-01,1.08E+00,4.51E-01,7.69E-01,8.52E-01,5.56E-01,3.65E-01,1.49E+00,2.82E-01,8.69E-01,1.60E+00,3.46E-01,5.57E-01,3.45E-01,5.65E-01,7.70E-01,1.11E+00,1.44E+00,4.57E-01,1.41E+00,3.47E-01,1.05E+00,1.38E+00,5.70E-01,1.36E+00,8.81E-01,8.19E-01,5.19E-01,1.14E+00,1.28E+00,1.80E+00,1.16E+00,7.77E-02,7.49E-02,1.39E-02,1.44E-02,1.62E-02,1.12E-02,1.17E-02,1.78E-02,1.44E-02,1.32E-02,1.60E-02,7.98E-03,5.38E-02,1.58E-01,2.56E-02,1.48E-02,1.81E-02,4.27E-02,3.89E-02,1.12E-02,1.45E-02,2.83E-02,1.71E-02,3.52E-02,2.44E-02,1.17E-02,1.87E-02,1.37E-02,3.92E-02,1.37E-02,1.69E-02,1.18E-02,1.67E-02,9.74E-03,1.87E-02,1.82E-02,1.12E-02,2.61E-02,3.03E-02,2.86E-02,1.41E-02,1.58E-02,1.04E-02,6.79E-02,9.58E-03,4.98E-02,8.46E-03,1.33E-02,1.66E-02,1.04E-02,2.10E-02,1.89E-02,9.62E-03,2.44E-02,2.96E-02,2.75E-02,2.63E-02,2.43E-02,1.32E-02,1.23E-02,9.19E-03,1.35E-02,1.91E-02,9.27E-03,1.35E-02,2.91E-02,1.42E-02,1.70E-02,1.85E-02,1.96E-02,2.07E-02,1.49E-02,2.16E-02,2.65E-02,2.79E-02,1.56E-02,4.10E-02,2.62E-02,1.65E-02,3.03E-02,1.21E-02,3.28E-02,1.93E-02,1.13E-02,2.85E-02,2.39E-02,1.06E-02,1.44E-02,3.66E-02,1.22E-02,1.42E-02,1.57E-02,2.62E-02,1.89E-02,1.66E-02,2.09E-02,1.17E-02,1.81E-02,1.35E-02,1.39E-02,3.76E-02
Replicate6,384.1276921,-99.74846587,1.99E+00,1.49E-01,7.58E-01,8.07E-01,1.48E+00,2.07E+00,3.69E+00,9.65E+00,2.97E+00,2.75E+00,5.75E+00,7.10E+00,2.34E+00,5.30E+00,9.34E+00,2.81E+00,3.17E+00,7.55E+00,4.73E+00,1.54E+00,1.99E+00,2.63E+00,2.98E+00,1.28E+00,1.33E+00,1.07E+00,1.17E+00,1.33E+00,4.22E-01,7.67E-01,5.09E-01,4.94E-01,2.35E-01,1.20E+00,1.31E-01,8.09E-01,9.19E-02,1.15E+00,1.69E-01,1.26E+00,9.75E-01,1.09E+00,8.84E-01,2.81E-01,2.98E-01,2.76E-01,6.40E-01,8.71E-01,7.27E-01,4.24E-01,1.09E+00,3.78E-01,9.63E-01,1.31E+00,1.06E+00,2.00E-01,4.50E-01,4.85E-01,2.97E-01,9.93E-01,1.74E+00,9.84E-01,1.70E+00,7.70E-01,1.60E+00,1.18E-01,9.31E-01,6.77E-01,1.36E+00,7.05E-01,9.53E-01,7.93E-01,4.92E-01,1.65E+00,1.33E+00,1.28E+00,1.84E+00,1.02E+00,5.69E-01,4.17E-01,9.93E-01,1.51E+00,8.07E-01,5.01E-01,5.36E-01,7.04E-01,1.42E+00,9.60E-01,8.13E-01,4.66E-01,1.91E+00,1.25E+00,1.25E+00,9.07E-01,1.83E+00,1.93E+00,7.83E-01,1.41E+00,1.01E+00,1.77E-01,8.40E-02,1.46E-02,1.88E-02,2.22E-02,1.16E-02,2.76E-02,5.71E-02,1.82E-01,1.31E-02,1.01E-02,3.28E-02,5.86E-02,7.82E-03,2.00E-02,9.71E-02,1.25E-02,1.53E-02,8.69E-02,5.57E-02,8.13E-03,1.39E-02,2.44E-02,4.30E-02,1.37E-02,1.89E-02,1.93E-02,1.15E-02,3.21E-02,1.54E-02,3.04E-02,1.18E-02,2.07E-02,3.08E-02,9.85E-03,3.71E-02,8.98E-03,6.19E-02,1.29E-02,2.70E-02,2.08E-02,9.60E-03,9.88E-03,1.33E-02,2.68E-02,3.44E-02,2.15E-02,1.22E-02,2.20E-02,2.58E-02,2.16E-02,1.33E-02,1.87E-02,1.39E-02,1.56E-02,9.66E-03,3.70E-02,1.13E-02,1.87E-02,4.09E-02,1.35E-02,1.22E-02,2.61E-02,1.03E-02,1.13E-02,1.62E-02,7.54E-02,1.15E-02,1.22E-02,2.44E-02,1.45E-02,9.78E-03,2.80E-02,1.27E-02,1.39E-02,9.79E-03,1.06E-02,1.68E-02,1.26E-02,1.85E-02,1.87E-02,1.27E-02,1.32E-02,1.13E-02,1.23E-02,2.33E-02,1.39E-02,2.05E-02,1.79E-02,2.62E-02,1.02E-02,9.56E-03,2.04E-02,2.89E-02,2.23E-02,1.12E-02,9.83E-03,1.08E-02,2.78E-02,2.61E-02,1.93E-02
Replicate5,402.2475431,-108.9715735,5.06741473,2.32429439,0.87915601,0.76415763,0.73359836,1.34827453,1.96493873,1.89521755,2.94065062,1.43918285,4.74574213,9.74562635,2.06590971,1.86252417,2.63797345,1.59718204,2.44487195,1.69029027,1.2324345,1.30055154,1.06465652,1.8688785,0.9770179,0.95991289,0.82098415,0.72281405,1.04171865,0.36306246,1.1619508,0.53524964,1.56940682,1.66503915,1.17798026,0.32705717,0.85975754,0.64776256,1.64389476,1.71511993,0.34841997,0.91452255,0.88363572,0.47879643,0.94354089,0.37987005,0.77354876,0.50363472,1.18817696,1.64071206,0.61908223,0.73601623,0.4764329,1.23244976,1.19989646,0.83529603,1.05106797,0.49664549,0.99519455,0.62207974,1.84518316,1.56743409,0.69091724,0.7133426,0.38062875,1.59639387,1.13853528,1.56578446,0.34721836,0.49820376,0.53092483,0.5487452,1.85787777,1.38034462,0.46357122,0.59818798,1.74762607,0.90995038,0.78612364,0.44370393,0.46491563,1.27289649,0.85710904,0.87888789,0.92282671,0.51167129,0.69788734,0.74901411,1.13479166,1.80093763,1.45426631,1.83757701,0.57608268,1.6715681,0.48946156,0.61933854,0.56877335,0.47123786,0.46773609,1.05284302,1.19944821,0.15074217,0.02001037,0.03458894,0.04241417,0.0130592,0.06185066,0.01302345,0.04273818,0.01955419,0.04047517,0.01032193,0.05790726,0.01662543,0.01895921,0.01387201,0.03944964,0.01369804,0.0294126,0.01929287,0.01641218,0.02278475,0.02387614,0.0193636,0.0270352,0.03145534,0.02299438,0.03729696,0.03072084,0.03668913,0.01630302,0.01454124,0.01649158,0.01645644,0.02048713,0.02345947,0.03300499,0.03346542,0.02488039,0.01052609,0.02388973,0.02345843,0.03006524,0.02411443,0.03090214,0.02943757,0.01860014,0.01700031,0.0176391,0.01519067,0.01079324,0.02197223,0.02854509,0.02719587,0.01132394,0.01405552,0.01394215,0.01438984,0.02823451,0.03230404,0.02130574,0.01457974,0.01390154,0.01394508,0.03882856,0.01891543,0.01137894,0.01393688,0.04218475,0.01091228,0.03947767,0.02467381,0.02437798,0.0098046,0.03441481,0.01771205,0.01677873,0.02862912,0.01680904,0.03484678,0.01733739,0.02132357,0.02911726,0.0123365,0.0142954,0.02253175,0.0371085,0.01874221,0.02722625,0.03049483,0.01978032,0.0339174,0.02460973,0.01480597,0.01427121,0.03201911,0.01326417,0.0313898,0.02812463,0.01173312,0.02866146,0.02691602
Replicate4,508.0699105,-115.2710906,7.41E-01,4.13E+00,5.63E-01,3.09E+00,2.60E+00,3.89E-01,1.17E+00,1.37E+00,2.20E+00,2.18E+00,9.86E+00,3.97E+00,4.44E+00,3.87E+00,6.65E+00,8.05E+00,5.37E+00,3.59E+00,2.53E+00,4.65E+00,2.29E+00,3.64E+00,2.49E+00,2.26E+00,1.47E+00,1.20E+00,5.16E-01,6.03E-01,1.15E+00,5.06E-01,2.66E-01,2.76E-01,1.19E+00,1.72E+00,8.10E-01,6.94E-01,3.49E-01,9.93E-02,8.95E-01,6.55E-01,1.07E+00,3.46E-01,4.90E-01,1.39E+00,5.52E-01,1.09E+00,3.30E-01,1.24E+00,9.61E-01,8.01E-01,1.19E+00,4.18E-01,1.33E-01,1.49E+00,1.95E-01,9.61E-01,3.34E-01,3.44E-01,7.35E-01,1.43E+00,3.16E-01,1.20E+00,5.89E-01,1.70E+00,5.96E-01,8.85E-01,1.58E+00,1.32E+00,8.08E-01,6.22E-01,4.19E-01,6.82E-01,1.21E+00,4.41E-01,4.64E-01,7.26E-01,1.16E+00,7.86E-01,1.90E+00,1.39E+00,7.96E-01,7.10E-01,4.65E-01,7.50E-01,1.38E+00,6.75E-01,1.21E+00,1.54E+00,7.30E-01,5.55E-01,1.18E+00,6.73E-01,1.93E+00,1.43E+00,5.81E-01,1.21E+00,1.74E+00,6.68E-01,1.72E+00,2.01E-01,3.09E-02,2.33E-02,6.49E-02,4.92E-02,5.20E-02,1.55E-02,1.05E-02,1.52E-02,1.55E-02,1.43E-02,2.48E-02,7.89E-03,3.30E-02,5.54E-03,2.52E-02,7.77E-03,2.72E-02,3.35E-02,6.97E-03,7.15E-02,1.42E-02,1.70E-02,2.57E-02,2.93E-02,1.36E-02,1.42E-02,2.15E-02,1.22E-02,2.98E-02,1.26E-02,3.59E-02,3.34E-02,2.24E-02,8.71E-03,2.22E-02,2.75E-02,2.06E-02,7.36E-02,2.14E-02,2.03E-02,1.79E-02,1.89E-02,2.46E-02,1.70E-02,1.58E-02,1.26E-02,2.82E-02,2.34E-02,1.32E-02,2.56E-02,1.44E-02,1.89E-02,6.49E-02,9.69E-03,4.49E-02,2.51E-02,2.11E-02,3.45E-02,2.32E-02,2.59E-02,2.70E-02,2.75E-02,1.23E-02,2.21E-02,3.12E-02,1.57E-02,1.81E-02,9.84E-03,2.29E-02,1.04E-02,2.25E-02,3.29E-02,1.94E-02,2.17E-02,1.10E-02,1.19E-02,1.98E-02,2.31E-02,1.35E-02,1.89E-02,2.36E-02,2.65E-02,2.99E-02,1.10E-02,1.73E-02,1.46E-02,1.31E-02,2.30E-02,1.69E-02,1.62E-02,2.03E-02,1.28E-02,1.07E-02,3.21E-02,1.06E-02,1.18E-02,2.93E-02,9.84E-03,1.80E-02,2.50E-02
Replicate3,348.8106503,-119.8340772,2.83E+00,5.22E-01,5.83E-01,9.65E+00,6.99E-01,1.65E+00,1.01E+00,1.96E+00,1.09E+00,1.14E+00,1.54E+00,1.08E+00,1.49E+00,1.50E+00,1.96E+00,2.71E+00,2.13E+00,7.91E-01,1.19E+00,2.11E+00,1.28E+00,1.61E+00,1.14E+00,1.75E+00,1.89E+00,6.97E-01,1.65E+00,1.71E+00,1.89E+00,1.25E+00,8.82E-01,1.45E+00,6.20E-01,1.56E+00,5.58E-01,1.52E+00,1.25E+00,4.79E-01,7.67E-01,1.04E+00,4.22E-01,8.74E-01,7.26E-01,1.67E+00,1.70E+00,1.23E+00,5.08E-01,1.37E+00,1.83E+00,7.71E-01,7.09E-01,1.05E+00,9.06E-01,1.54E+00,1.20E+00,5.24E-01,6.19E-01,5.16E-01,6.94E-01,6.01E-01,1.33E+00,9.67E-01,1.35E+00,8.59E-01,5.87E-01,1.90E+00,9.29E-01,9.86E-01,8.40E-01,4.58E-01,1.79E+00,1.00E+00,4.62E-01,5.93E-01,5.99E-01,8.56E-01,1.18E+00,5.70E-01,1.34E+00,5.54E-01,9.72E-01,7.91E-01,6.72E-01,1.46E+00,1.80E+00,7.78E-01,9.11E-01,1.44E+00,5.03E-01,8.03E-01,9.35E-01,1.67E+00,1.25E+00,8.59E-01,6.10E-01,1.49E+00,7.28E-01,1.32E+00,5.69E-01,4.90E-01,2.29E-02,1.06E-02,1.14E-02,1.44E-01,6.51E-02,1.60E-02,1.21E-02,2.36E-02,1.26E-02,9.58E-03,1.17E-02,1.08E-02,1.46E-02,1.75E-02,2.45E-02,4.00E-02,3.47E-02,1.23E-02,1.10E-02,2.77E-02,1.80E-02,1.73E-02,2.91E-02,3.12E-02,1.76E-02,2.87E-02,2.04E-02,1.82E-02,1.06E-02,1.70E-02,1.84E-02,3.09E-02,3.93E-02,2.27E-02,1.93E-02,1.14E-02,1.54E-02,2.15E-02,1.87E-02,1.75E-02,1.25E-02,1.68E-02,1.09E-02,1.35E-02,1.77E-02,2.76E-02,2.06E-02,1.23E-02,1.54E-02,2.88E-02,1.07E-02,1.58E-02,1.97E-02,3.09E-02,9.85E-03,1.40E-02,1.81E-02,1.11E-02,3.29E-02,2.69E-02,1.29E-02,1.70E-02,3.09E-02,1.76E-02,1.35E-02,2.66E-02,1.05E-02,1.14E-02,2.14E-02,3.12E-02,1.23E-02,2.01E-02,2.82E-02,1.99E-02,1.74E-02,2.73E-02,1.13E-02,3.81E-02,1.13E-02,2.62E-02,2.16E-02,2.40E-02,3.76E-02,2.90E-02,2.29E-02,2.08E-02,1.40E-02,2.17E-02,1.06E-02,1.19E-02,1.47E-02,1.44E-02,2.17E-02,1.10E-02,2.48E-02,2.82E-02,2.48E-02,1.14E-02,3.21E-02,2.42E-02
Replicate2,414.9874643,-131.250266,0.56005709,0.99620641,8.84869094,5.22653982,5.38845847,2.26558212,1.23304977,1.19344038,2.34818901,2.22892821,1.20633715,0.9333036,2.42656194,1.47692167,1.89299576,1.31445237,1.42700361,1.56462627,1.6263383,1.12021837,0.96748823,0.73473708,1.51555993,0.54364133,1.26791572,1.58251406,0.31356574,0.68343239,1.24864716,1.40089957,1.47380094,0.5318147,0.45786742,0.85935399,0.33254671,0.81623015,0.96827269,0.96207085,0.50588944,0.56321595,0.54569919,0.60403431,1.57402322,0.66064244,1.6987579,0.6175501,0.39273671,0.29872865,0.73158708,0.72882221,1.51270377,0.43376253,1.34932715,0.78941105,0.4426928,1.84887387,1.06744395,0.65399135,0.43384374,0.87535686,1.02069476,0.84621072,1.44119804,0.81805678,1.28113678,0.51619052,1.01083516,1.6218305,0.50987157,0.79168287,1.28434863,0.694036,1.02429996,0.84952009,0.40744364,1.00808133,0.86114318,1.51899489,1.41963662,1.66300083,0.61825008,0.52361552,0.92866173,1.15208622,0.5278879,1.78812791,0.98475143,1.2121768,0.65969774,1.59316241,1.12592728,1.75981075,0.79215757,1.05474807,0.56474531,1.5614484,0.94206247,0.57402831,0.61697563,0.44423976,0.03029842,0.03145191,0.03258984,0.0254269,0.08509352,0.02368026,0.01341368,0.01206084,0.02775118,0.01199134,0.01231417,0.00909431,0.03192031,0.02063326,0.03570585,0.02285177,0.0259069,0.01471964,0.0108628,0.01209528,0.02113301,0.01057448,0.0206996,0.01056717,0.02097021,0.01611941,0.03700301,0.02119651,0.02773898,0.01455228,0.01849214,0.03276869,0.01065799,0.01200369,0.03626828,0.01694318,0.01995325,0.02780688,0.01677458,0.01519474,0.0235779,0.01876981,0.01297505,0.01084469,0.01104301,0.01627881,0.03522827,0.04749654,0.01088746,0.02315507,0.02047764,0.01608304,0.03151275,0.01705435,0.02106379,0.01421522,0.01043818,0.02177068,0.03150605,0.01560989,0.01785669,0.01708447,0.01169115,0.01609147,0.01758383,0.02745553,0.02472504,0.02952484,0.01507216,0.02067403,0.01070497,0.02221064,0.02640664,0.01371696,0.03026333,0.01558401,0.01216027,0.03099403,0.01801868,0.01331557,0.01630677,0.03090126,0.02369297,0.03415155,0.01499862,0.01301308,0.02377748,0.01718945,0.01194386,0.02484499,0.02662423,0.02980799,0.01201276,0.03642856,0.01468596,0.03039896,0.02425493,0.02914962,0.0111329,0.03030406
Replicate1,411.0636654,-102.9551506,2.04E+00,1.22E+00,3.48E+00,4.73E+00,2.37E-01,2.98E+00,2.36E+00,4.96E+00,2.38E+00,2.21E+00,5.75E+00,9.98E+00,3.31E+00,6.08E+00,4.68E+00,2.58E+00,1.71E+00,1.88E+00,8.54E-01,1.11E+00,1.02E+00,9.88E-01,7.17E-01,6.28E-01,4.01E-01,1.22E+00,1.44E-01,5.67E-01,1.62E+00,1.49E+00,3.42E-01,4.80E-01,9.14E-01,2.89E-01,4.27E-01,1.18E+00,2.47E-01,4.13E-01,5.21E-01,8.38E-02,1.57E+00,1.45E+00,6.99E-01,1.57E+00,1.32E+00,6.94E-01,8.85E-01,4.87E-01,7.60E-01,8.50E-01,5.73E-01,1.56E+00,5.08E-01,1.34E+00,8.38E-01,1.05E+00,6.08E-01,1.01E+00,8.17E-01,3.80E-01,3.35E-01,1.09E+00,1.26E+00,3.75E-01,5.49E-01,1.08E+00,8.51E-01,8.45E-01,4.74E-01,4.38E-01,1.41E+00,6.51E-01,5.05E-01,1.08E+00,1.28E+00,7.75E-01,1.56E+00,6.68E-01,1.71E+00,1.51E+00,1.67E+00,1.32E+00,4.66E-01,1.13E+00,4.29E-01,9.68E-01,8.52E-01,4.88E-01,4.17E-01,6.70E-01,8.00E-01,6.65E-01,1.66E+00,7.92E-01,1.76E+00,1.40E+00,7.11E-01,1.87E+00,1.68E+00,8.29E-02,8.60E-02,1.75E-02,7.20E-03,8.85E-03,4.11E-02,1.26E-01,4.06E-02,1.05E-01,1.70E-02,1.38E-02,7.62E-02,3.05E-02,3.21E-02,1.71E-01,2.22E-02,3.06E-02,1.99E-02,2.47E-02,1.22E-02,1.29E-02,3.05E-02,2.91E-02,1.93E-02,2.30E-02,4.27E-02,2.27E-02,5.75E-02,2.58E-02,1.13E-02,8.80E-03,1.17E-02,2.59E-02,1.02E-02,3.95E-02,1.12E-02,2.02E-02,2.99E-02,1.76E-02,2.68E-02,8.38E-02,1.84E-02,9.54E-03,1.17E-02,2.06E-02,1.14E-02,1.74E-02,2.85E-02,2.55E-02,1.81E-02,1.72E-02,1.77E-02,1.74E-02,1.84E-02,1.31E-02,1.88E-02,1.53E-02,1.36E-02,2.18E-02,1.30E-02,3.34E-02,2.35E-02,2.43E-02,2.08E-02,4.07E-02,1.35E-02,2.09E-02,2.94E-02,1.60E-02,1.49E-02,2.44E-02,1.42E-02,1.90E-02,1.49E-02,2.97E-02,2.32E-02,1.76E-02,2.72E-02,1.89E-02,1.71E-02,2.46E-02,9.71E-03,1.16E-02,1.02E-02,1.74E-02,3.50E-02,2.24E-02,1.41E-02,3.44E-02,2.81E-02,1.43E-02,1.59E-02,1.00E-02,1.66E-02,1.57E-02,1.32E-02,1.81E-02,2.99E-02,1.58E-02,1.96E-02,1.05E-02
